질문ID,질문,사용자증상,연령대,의사진단,진단근거,해결책
1,'사람들 앞에서 말할 때 극도로 불안함'을 겪고 있습니다. 이 문제에 대해 어떤 조언을 주실 수 있나요?,사람들 앞에서 말할 때 극도로 불안함,30대,경미한 불안장애로 의심됨,사회적 상황에 대한 불안은 사회불안장애의 특징입니다.,가벼운 신체 활동으로 스트레스를 관리해 보세요.
2,'사람들 앞에서 말할 때 극도로 불안함'을 겪고 있습니다. 이 문제에 대해 어떤 조언을 주실 수 있나요?,사람들 앞에서 말할 때 극도로 불안함,30대,불안장애의 주요 증상에 해당됨,걱정과 두려움의 지속은 불안장애의 전형적인 증상입니다.,필요시 전문가 상담과 진단을 받는 것이 좋습니다.
3,'이유 없이 자주 불안함'을 겪고 있습니다. 이 문제에 대해 어떤 조언을 주실 수 있나요?,이유 없이 자주 불안함,20대,사회불안장애의 가능성이 있음,걱정과 두려움의 지속은 불안장애의 전형적인 증상입니다.,호흡 연습과 명상으로 긴장을 완화해 보세요.
4,'사람들 앞에서 말할 때 극도로 불안함'을 겪고 있습니다. 이 문제에 대해 어떤 조언을 주실 수 있나요?,사람들 앞에서 말할 때 극도로 불안함,20대,중등도 불안장애 증상일 수 있음,사회적 상황에 대한 불안은 사회불안장애의 특징입니다.,가벼운 신체 활동으로 스트레스를 관리해 보세요.
5,'갑작스러운 공포감과 호흡 곤란 경험'을 겪고 있습니다. 이 문제에 대해 어떤 조언을 주실 수 있나요?,갑작스러운 공포감과 호흡 곤란 경험,10대,경미한 불안장애로 의심됨,사회적 상황에 대한 불안은 사회불안장애의 특징입니다.,필요시 전문가 상담과 진단을 받는 것이 좋습니다.
6,'몸이 떨리고 땀이 많이 남'을 겪고 있습니다. 이 문제에 대해 어떤 조언을 주실 수 있나요?,몸이 떨리고 땀이 많이 남,50대 이상,중등도 불안장애 증상일 수 있음,불안장애의 주요 진단 기준 중 하나입니다.,일정한 수면 습관을 유지하여 불면을 줄이세요.
7,'이유 없이 자주 불안함'을 겪고 있습니다. 이 문제에 대해 어떤 조언을 주실 수 있나요?,이유 없이 자주 불안함,20대,사회불안장애의 가능성이 있음,걱정과 두려움의 지속은 불안장애의 전형적인 증상입니다.,필요시 전문가 상담과 진단을 받는 것이 좋습니다.
8,'긴장감이 지속되어 근육이 경직됨'을 겪고 있습니다. 이 문제에 대해 어떤 조언을 주실 수 있나요?,긴장감이 지속되어 근육이 경직됨,10대,경미한 불안장애로 의심됨,불안장애의 주요 진단 기준 중 하나입니다.,호흡 연습과 명상으로 긴장을 완화해 보세요.
9,'긴장감이 지속되어 근육이 경직됨'을 겪고 있습니다. 이 문제에 대해 어떤 조언을 주실 수 있나요?,긴장감이 지속되어 근육이 경직됨,30대,중등도 불안장애 증상일 수 있음,걱정과 두려움의 지속은 불안장애의 전형적인 증상입니다.,신뢰할 수 있는 사람과 감정을 나누고 상담을 고려해 보세요.
10,'사소한 일에도 과도하게 긴장함'을 겪고 있습니다. 이 문제에 대해 어떤 조언을 주실 수 있나요?,사소한 일에도 과도하게 긴장함,50대 이상,불안장애 초기 증상 가능성 있음,불안장애 환자들에게 흔히 나타나는 증상입니다.,호흡 연습과 명상으로 긴장을 완화해 보세요.
11,'불면증과 잦은 악몽'을 겪고 있습니다. 이 문제에 대해 어떤 조언을 주실 수 있나요?,불면증과 잦은 악몽,20대,중등도 불안장애 증상일 수 있음,걱정과 두려움의 지속은 불안장애의 전형적인 증상입니다.,신뢰할 수 있는 사람과 감정을 나누고 상담을 고려해 보세요.
12,'몸이 떨리고 땀이 많이 남'을 겪고 있습니다. 이 문제에 대해 어떤 조언을 주실 수 있나요?,몸이 떨리고 땀이 많이 남,20대,경미한 불안장애로 의심됨,불안장애 환자들에게 흔히 나타나는 증상입니다.,필요시 전문가 상담과 진단을 받는 것이 좋습니다.
13,'항상 최악의 상황을 상상함'을 겪고 있습니다. 이 문제에 대해 어떤 조언을 주실 수 있나요?,항상 최악의 상황을 상상함,20대,불안장애 초기 증상 가능성 있음,사회적 상황에 대한 불안은 사회불안장애의 특징입니다.,일정한 수면 습관을 유지하여 불면을 줄이세요.
14,'사소한 문제에도 지나치게 걱정함'을 겪고 있습니다. 이 문제에 대해 어떤 조언을 주실 수 있나요?,사소한 문제에도 지나치게 걱정함,10대,불안장애의 주요 증상에 해당됨,사회적 상황에 대한 불안은 사회불안장애의 특징입니다.,가벼운 신체 활동으로 스트레스를 관리해 보세요.
15,'사소한 일에도 과도하게 긴장함'을 겪고 있습니다. 이 문제에 대해 어떤 조언을 주실 수 있나요?,사소한 일에도 과도하게 긴장함,10대,불안장애의 주요 증상에 해당됨,불안장애 환자들에게 흔히 나타나는 증상입니다.,호흡 연습과 명상으로 긴장을 완화해 보세요.
16,'사소한 문제에도 지나치게 걱정함'을 겪고 있습니다. 이 문제에 대해 어떤 조언을 주실 수 있나요?,사소한 문제에도 지나치게 걱정함,50대 이상,경미한 불안장애로 의심됨,걱정과 두려움의 지속은 불안장애의 전형적인 증상입니다.,호흡 연습과 명상으로 긴장을 완화해 보세요.
17,'항상 최악의 상황을 상상함'을 겪고 있습니다. 이 문제에 대해 어떤 조언을 주실 수 있나요?,항상 최악의 상황을 상상함,50대 이상,사회불안장애의 가능성이 있음,불안장애 환자들에게 흔히 나타나는 증상입니다.,필요시 전문가 상담과 진단을 받는 것이 좋습니다.
18,'사소한 일에도 과도하게 긴장함'을 겪고 있습니다. 이 문제에 대해 어떤 조언을 주실 수 있나요?,사소한 일에도 과도하게 긴장함,10대,중등도 불안장애 증상일 수 있음,불안장애의 주요 진단 기준 중 하나입니다.,신뢰할 수 있는 사람과 감정을 나누고 상담을 고려해 보세요.
19,'불면증과 잦은 악몽'을 겪고 있습니다. 이 문제에 대해 어떤 조언을 주실 수 있나요?,불면증과 잦은 악몽,50대 이상,불안장애의 주요 증상에 해당됨,불안장애 환자들에게 흔히 나타나는 증상입니다.,필요시 전문가 상담과 진단을 받는 것이 좋습니다.
20,'이유 없이 자주 불안함'을 겪고 있습니다. 이 문제에 대해 어떤 조언을 주실 수 있나요?,이유 없이 자주 불안함,10대,경미한 불안장애로 의심됨,걱정과 두려움의 지속은 불안장애의 전형적인 증상입니다.,가벼운 신체 활동으로 스트레스를 관리해 보세요.
21,'이유 없이 자주 불안함'을 겪고 있습니다. 이 문제에 대해 어떤 조언을 주실 수 있나요?,이유 없이 자주 불안함,50대 이상,불안장애 초기 증상 가능성 있음,걱정과 두려움의 지속은 불안장애의 전형적인 증상입니다.,필요시 전문가 상담과 진단을 받는 것이 좋습니다.
22,'불면증과 잦은 악몽'을 겪고 있습니다. 이 문제에 대해 어떤 조언을 주실 수 있나요?,불면증과 잦은 악몽,50대 이상,중등도 불안장애 증상일 수 있음,불안장애의 주요 진단 기준 중 하나입니다.,일정한 수면 습관을 유지하여 불면을 줄이세요.
23,'불면증과 잦은 악몽'을 겪고 있습니다. 이 문제에 대해 어떤 조언을 주실 수 있나요?,불면증과 잦은 악몽,20대,중등도 불안장애 증상일 수 있음,불안장애의 주요 진단 기준 중 하나입니다.,가벼운 신체 활동으로 스트레스를 관리해 보세요.
24,'사람들 앞에서 말할 때 극도로 불안함'을 겪고 있습니다. 이 문제에 대해 어떤 조언을 주실 수 있나요?,사람들 앞에서 말할 때 극도로 불안함,50대 이상,사회불안장애의 가능성이 있음,불안장애의 주요 진단 기준 중 하나입니다.,필요시 전문가 상담과 진단을 받는 것이 좋습니다.
25,'머리가 멍해지고 집중력이 떨어짐'을 겪고 있습니다. 이 문제에 대해 어떤 조언을 주실 수 있나요?,머리가 멍해지고 집중력이 떨어짐,20대,불안장애의 주요 증상에 해당됨,긴장과 신체적 반응이 불안장애와 관련이 있습니다.,가벼운 신체 활동으로 스트레스를 관리해 보세요.
26,'불면증과 잦은 악몽'을 겪고 있습니다. 이 문제에 대해 어떤 조언을 주실 수 있나요?,불면증과 잦은 악몽,50대 이상,불안장애 초기 증상 가능성 있음,사회적 상황에 대한 불안은 사회불안장애의 특징입니다.,필요시 전문가 상담과 진단을 받는 것이 좋습니다.
27,'머리가 멍해지고 집중력이 떨어짐'을 겪고 있습니다. 이 문제에 대해 어떤 조언을 주실 수 있나요?,머리가 멍해지고 집중력이 떨어짐,40대,불안장애 초기 증상 가능성 있음,불안장애의 주요 진단 기준 중 하나입니다.,호흡 연습과 명상으로 긴장을 완화해 보세요.
28,'머리가 멍해지고 집중력이 떨어짐'을 겪고 있습니다. 이 문제에 대해 어떤 조언을 주실 수 있나요?,머리가 멍해지고 집중력이 떨어짐,30대,불안장애 초기 증상 가능성 있음,걱정과 두려움의 지속은 불안장애의 전형적인 증상입니다.,신뢰할 수 있는 사람과 감정을 나누고 상담을 고려해 보세요.
29,'항상 최악의 상황을 상상함'을 겪고 있습니다. 이 문제에 대해 어떤 조언을 주실 수 있나요?,항상 최악의 상황을 상상함,40대,불안장애의 주요 증상에 해당됨,사회적 상황에 대한 불안은 사회불안장애의 특징입니다.,신뢰할 수 있는 사람과 감정을 나누고 상담을 고려해 보세요.
30,'이유 없이 자주 불안함'을 겪고 있습니다. 이 문제에 대해 어떤 조언을 주실 수 있나요?,이유 없이 자주 불안함,40대,중등도 불안장애 증상일 수 있음,불안장애 환자들에게 흔히 나타나는 증상입니다.,가벼운 신체 활동으로 스트레스를 관리해 보세요.
31,'불면증과 잦은 악몽'을 겪고 있습니다. 이 문제에 대해 어떤 조언을 주실 수 있나요?,불면증과 잦은 악몽,40대,불안장애 초기 증상 가능성 있음,긴장과 신체적 반응이 불안장애와 관련이 있습니다.,가벼운 신체 활동으로 스트레스를 관리해 보세요.
32,'몸이 떨리고 땀이 많이 남'을 겪고 있습니다. 이 문제에 대해 어떤 조언을 주실 수 있나요?,몸이 떨리고 땀이 많이 남,10대,경미한 불안장애로 의심됨,사회적 상황에 대한 불안은 사회불안장애의 특징입니다.,가벼운 신체 활동으로 스트레스를 관리해 보세요.
33,'불면증과 잦은 악몽'을 겪고 있습니다. 이 문제에 대해 어떤 조언을 주실 수 있나요?,불면증과 잦은 악몽,20대,중등도 불안장애 증상일 수 있음,불안장애 환자들에게 흔히 나타나는 증상입니다.,필요시 전문가 상담과 진단을 받는 것이 좋습니다.
34,'갑작스러운 공포감과 호흡 곤란 경험'을 겪고 있습니다. 이 문제에 대해 어떤 조언을 주실 수 있나요?,갑작스러운 공포감과 호흡 곤란 경험,40대,불안장애 초기 증상 가능성 있음,걱정과 두려움의 지속은 불안장애의 전형적인 증상입니다.,필요시 전문가 상담과 진단을 받는 것이 좋습니다.
35,'사소한 문제에도 지나치게 걱정함'을 겪고 있습니다. 이 문제에 대해 어떤 조언을 주실 수 있나요?,사소한 문제에도 지나치게 걱정함,50대 이상,사회불안장애의 가능성이 있음,긴장과 신체적 반응이 불안장애와 관련이 있습니다.,필요시 전문가 상담과 진단을 받는 것이 좋습니다.
36,'긴장감이 지속되어 근육이 경직됨'을 겪고 있습니다. 이 문제에 대해 어떤 조언을 주실 수 있나요?,긴장감이 지속되어 근육이 경직됨,20대,불안장애의 주요 증상에 해당됨,긴장과 신체적 반응이 불안장애와 관련이 있습니다.,필요시 전문가 상담과 진단을 받는 것이 좋습니다.
37,'사람들 앞에서 말할 때 극도로 불안함'을 겪고 있습니다. 이 문제에 대해 어떤 조언을 주실 수 있나요?,사람들 앞에서 말할 때 극도로 불안함,40대,불안장애 초기 증상 가능성 있음,긴장과 신체적 반응이 불안장애와 관련이 있습니다.,일정한 수면 습관을 유지하여 불면을 줄이세요.
38,'사소한 일에도 과도하게 긴장함'을 겪고 있습니다. 이 문제에 대해 어떤 조언을 주실 수 있나요?,사소한 일에도 과도하게 긴장함,50대 이상,불안장애의 주요 증상에 해당됨,사회적 상황에 대한 불안은 사회불안장애의 특징입니다.,신뢰할 수 있는 사람과 감정을 나누고 상담을 고려해 보세요.
39,'사소한 일에도 과도하게 긴장함'을 겪고 있습니다. 이 문제에 대해 어떤 조언을 주실 수 있나요?,사소한 일에도 과도하게 긴장함,10대,중등도 불안장애 증상일 수 있음,걱정과 두려움의 지속은 불안장애의 전형적인 증상입니다.,호흡 연습과 명상으로 긴장을 완화해 보세요.
40,'갑작스러운 공포감과 호흡 곤란 경험'을 겪고 있습니다. 이 문제에 대해 어떤 조언을 주실 수 있나요?,갑작스러운 공포감과 호흡 곤란 경험,50대 이상,불안장애의 주요 증상에 해당됨,걱정과 두려움의 지속은 불안장애의 전형적인 증상입니다.,가벼운 신체 활동으로 스트레스를 관리해 보세요.
41,'사소한 일에도 과도하게 긴장함'을 겪고 있습니다. 이 문제에 대해 어떤 조언을 주실 수 있나요?,사소한 일에도 과도하게 긴장함,30대,경미한 불안장애로 의심됨,불안장애 환자들에게 흔히 나타나는 증상입니다.,일정한 수면 습관을 유지하여 불면을 줄이세요.
42,'항상 최악의 상황을 상상함'을 겪고 있습니다. 이 문제에 대해 어떤 조언을 주실 수 있나요?,항상 최악의 상황을 상상함,20대,불안장애 초기 증상 가능성 있음,긴장과 신체적 반응이 불안장애와 관련이 있습니다.,호흡 연습과 명상으로 긴장을 완화해 보세요.
43,'몸이 떨리고 땀이 많이 남'을 겪고 있습니다. 이 문제에 대해 어떤 조언을 주실 수 있나요?,몸이 떨리고 땀이 많이 남,40대,중등도 불안장애 증상일 수 있음,긴장과 신체적 반응이 불안장애와 관련이 있습니다.,호흡 연습과 명상으로 긴장을 완화해 보세요.
44,'불면증과 잦은 악몽'을 겪고 있습니다. 이 문제에 대해 어떤 조언을 주실 수 있나요?,불면증과 잦은 악몽,30대,불안장애의 주요 증상에 해당됨,긴장과 신체적 반응이 불안장애와 관련이 있습니다.,신뢰할 수 있는 사람과 감정을 나누고 상담을 고려해 보세요.
45,'이유 없이 자주 불안함'을 겪고 있습니다. 이 문제에 대해 어떤 조언을 주실 수 있나요?,이유 없이 자주 불안함,30대,중등도 불안장애 증상일 수 있음,불안장애의 주요 진단 기준 중 하나입니다.,일정한 수면 습관을 유지하여 불면을 줄이세요.
46,'사소한 문제에도 지나치게 걱정함'을 겪고 있습니다. 이 문제에 대해 어떤 조언을 주실 수 있나요?,사소한 문제에도 지나치게 걱정함,10대,불안장애의 주요 증상에 해당됨,걱정과 두려움의 지속은 불안장애의 전형적인 증상입니다.,가벼운 신체 활동으로 스트레스를 관리해 보세요.
47,'몸이 떨리고 땀이 많이 남'을 겪고 있습니다. 이 문제에 대해 어떤 조언을 주실 수 있나요?,몸이 떨리고 땀이 많이 남,40대,불안장애의 주요 증상에 해당됨,불안장애의 주요 진단 기준 중 하나입니다.,일정한 수면 습관을 유지하여 불면을 줄이세요.
48,'몸이 떨리고 땀이 많이 남'을 겪고 있습니다. 이 문제에 대해 어떤 조언을 주실 수 있나요?,몸이 떨리고 땀이 많이 남,50대 이상,불안장애 초기 증상 가능성 있음,사회적 상황에 대한 불안은 사회불안장애의 특징입니다.,신뢰할 수 있는 사람과 감정을 나누고 상담을 고려해 보세요.
49,'사소한 일에도 과도하게 긴장함'을 겪고 있습니다. 이 문제에 대해 어떤 조언을 주실 수 있나요?,사소한 일에도 과도하게 긴장함,30대,불안장애의 주요 증상에 해당됨,사회적 상황에 대한 불안은 사회불안장애의 특징입니다.,필요시 전문가 상담과 진단을 받는 것이 좋습니다.
50,'이유 없이 자주 불안함'을 겪고 있습니다. 이 문제에 대해 어떤 조언을 주실 수 있나요?,이유 없이 자주 불안함,50대 이상,불안장애 초기 증상 가능성 있음,불안장애 환자들에게 흔히 나타나는 증상입니다.,신뢰할 수 있는 사람과 감정을 나누고 상담을 고려해 보세요.
51,'이유 없이 자주 불안함'을 겪고 있습니다. 이 문제에 대해 어떤 조언을 주실 수 있나요?,이유 없이 자주 불안함,10대,불안장애 초기 증상 가능성 있음,불안장애 환자들에게 흔히 나타나는 증상입니다.,가벼운 신체 활동으로 스트레스를 관리해 보세요.
52,'불면증과 잦은 악몽'을 겪고 있습니다. 이 문제에 대해 어떤 조언을 주실 수 있나요?,불면증과 잦은 악몽,30대,불안장애 초기 증상 가능성 있음,사회적 상황에 대한 불안은 사회불안장애의 특징입니다.,일정한 수면 습관을 유지하여 불면을 줄이세요.
53,'사소한 문제에도 지나치게 걱정함'을 겪고 있습니다. 이 문제에 대해 어떤 조언을 주실 수 있나요?,사소한 문제에도 지나치게 걱정함,50대 이상,불안장애의 주요 증상에 해당됨,긴장과 신체적 반응이 불안장애와 관련이 있습니다.,호흡 연습과 명상으로 긴장을 완화해 보세요.
54,'긴장감이 지속되어 근육이 경직됨'을 겪고 있습니다. 이 문제에 대해 어떤 조언을 주실 수 있나요?,긴장감이 지속되어 근육이 경직됨,40대,사회불안장애의 가능성이 있음,긴장과 신체적 반응이 불안장애와 관련이 있습니다.,신뢰할 수 있는 사람과 감정을 나누고 상담을 고려해 보세요.
55,'몸이 떨리고 땀이 많이 남'을 겪고 있습니다. 이 문제에 대해 어떤 조언을 주실 수 있나요?,몸이 떨리고 땀이 많이 남,20대,중등도 불안장애 증상일 수 있음,긴장과 신체적 반응이 불안장애와 관련이 있습니다.,가벼운 신체 활동으로 스트레스를 관리해 보세요.
56,'사소한 일에도 과도하게 긴장함'을 겪고 있습니다. 이 문제에 대해 어떤 조언을 주실 수 있나요?,사소한 일에도 과도하게 긴장함,40대,중등도 불안장애 증상일 수 있음,걱정과 두려움의 지속은 불안장애의 전형적인 증상입니다.,가벼운 신체 활동으로 스트레스를 관리해 보세요.
57,'긴장감이 지속되어 근육이 경직됨'을 겪고 있습니다. 이 문제에 대해 어떤 조언을 주실 수 있나요?,긴장감이 지속되어 근육이 경직됨,30대,불안장애 초기 증상 가능성 있음,긴장과 신체적 반응이 불안장애와 관련이 있습니다.,호흡 연습과 명상으로 긴장을 완화해 보세요.
58,'긴장감이 지속되어 근육이 경직됨'을 겪고 있습니다. 이 문제에 대해 어떤 조언을 주실 수 있나요?,긴장감이 지속되어 근육이 경직됨,30대,불안장애 초기 증상 가능성 있음,불안장애의 주요 진단 기준 중 하나입니다.,신뢰할 수 있는 사람과 감정을 나누고 상담을 고려해 보세요.
59,'사소한 문제에도 지나치게 걱정함'을 겪고 있습니다. 이 문제에 대해 어떤 조언을 주실 수 있나요?,사소한 문제에도 지나치게 걱정함,10대,중등도 불안장애 증상일 수 있음,걱정과 두려움의 지속은 불안장애의 전형적인 증상입니다.,일정한 수면 습관을 유지하여 불면을 줄이세요.
60,'사소한 일에도 과도하게 긴장함'을 겪고 있습니다. 이 문제에 대해 어떤 조언을 주실 수 있나요?,사소한 일에도 과도하게 긴장함,40대,경미한 불안장애로 의심됨,걱정과 두려움의 지속은 불안장애의 전형적인 증상입니다.,일정한 수면 습관을 유지하여 불면을 줄이세요.
61,'머리가 멍해지고 집중력이 떨어짐'을 겪고 있습니다. 이 문제에 대해 어떤 조언을 주실 수 있나요?,머리가 멍해지고 집중력이 떨어짐,20대,경미한 불안장애로 의심됨,걱정과 두려움의 지속은 불안장애의 전형적인 증상입니다.,신뢰할 수 있는 사람과 감정을 나누고 상담을 고려해 보세요.
62,'머리가 멍해지고 집중력이 떨어짐'을 겪고 있습니다. 이 문제에 대해 어떤 조언을 주실 수 있나요?,머리가 멍해지고 집중력이 떨어짐,20대,불안장애의 주요 증상에 해당됨,사회적 상황에 대한 불안은 사회불안장애의 특징입니다.,가벼운 신체 활동으로 스트레스를 관리해 보세요.
63,'사소한 일에도 과도하게 긴장함'을 겪고 있습니다. 이 문제에 대해 어떤 조언을 주실 수 있나요?,사소한 일에도 과도하게 긴장함,20대,중등도 불안장애 증상일 수 있음,걱정과 두려움의 지속은 불안장애의 전형적인 증상입니다.,필요시 전문가 상담과 진단을 받는 것이 좋습니다.
64,'불면증과 잦은 악몽'을 겪고 있습니다. 이 문제에 대해 어떤 조언을 주실 수 있나요?,불면증과 잦은 악몽,40대,불안장애 초기 증상 가능성 있음,걱정과 두려움의 지속은 불안장애의 전형적인 증상입니다.,필요시 전문가 상담과 진단을 받는 것이 좋습니다.
65,'항상 최악의 상황을 상상함'을 겪고 있습니다. 이 문제에 대해 어떤 조언을 주실 수 있나요?,항상 최악의 상황을 상상함,40대,불안장애 초기 증상 가능성 있음,불안장애의 주요 진단 기준 중 하나입니다.,신뢰할 수 있는 사람과 감정을 나누고 상담을 고려해 보세요.
66,'몸이 떨리고 땀이 많이 남'을 겪고 있습니다. 이 문제에 대해 어떤 조언을 주실 수 있나요?,몸이 떨리고 땀이 많이 남,10대,중등도 불안장애 증상일 수 있음,불안장애 환자들에게 흔히 나타나는 증상입니다.,신뢰할 수 있는 사람과 감정을 나누고 상담을 고려해 보세요.
67,'갑작스러운 공포감과 호흡 곤란 경험'을 겪고 있습니다. 이 문제에 대해 어떤 조언을 주실 수 있나요?,갑작스러운 공포감과 호흡 곤란 경험,40대,사회불안장애의 가능성이 있음,긴장과 신체적 반응이 불안장애와 관련이 있습니다.,일정한 수면 습관을 유지하여 불면을 줄이세요.
68,'항상 최악의 상황을 상상함'을 겪고 있습니다. 이 문제에 대해 어떤 조언을 주실 수 있나요?,항상 최악의 상황을 상상함,10대,경미한 불안장애로 의심됨,불안장애의 주요 진단 기준 중 하나입니다.,신뢰할 수 있는 사람과 감정을 나누고 상담을 고려해 보세요.
69,'사소한 문제에도 지나치게 걱정함'을 겪고 있습니다. 이 문제에 대해 어떤 조언을 주실 수 있나요?,사소한 문제에도 지나치게 걱정함,20대,중등도 불안장애 증상일 수 있음,사회적 상황에 대한 불안은 사회불안장애의 특징입니다.,가벼운 신체 활동으로 스트레스를 관리해 보세요.
70,'갑작스러운 공포감과 호흡 곤란 경험'을 겪고 있습니다. 이 문제에 대해 어떤 조언을 주실 수 있나요?,갑작스러운 공포감과 호흡 곤란 경험,20대,사회불안장애의 가능성이 있음,불안장애의 주요 진단 기준 중 하나입니다.,호흡 연습과 명상으로 긴장을 완화해 보세요.
71,'사소한 문제에도 지나치게 걱정함'을 겪고 있습니다. 이 문제에 대해 어떤 조언을 주실 수 있나요?,사소한 문제에도 지나치게 걱정함,40대,중등도 불안장애 증상일 수 있음,사회적 상황에 대한 불안은 사회불안장애의 특징입니다.,필요시 전문가 상담과 진단을 받는 것이 좋습니다.
72,'몸이 떨리고 땀이 많이 남'을 겪고 있습니다. 이 문제에 대해 어떤 조언을 주실 수 있나요?,몸이 떨리고 땀이 많이 남,20대,경미한 불안장애로 의심됨,걱정과 두려움의 지속은 불안장애의 전형적인 증상입니다.,가벼운 신체 활동으로 스트레스를 관리해 보세요.
73,'긴장감이 지속되어 근육이 경직됨'을 겪고 있습니다. 이 문제에 대해 어떤 조언을 주실 수 있나요?,긴장감이 지속되어 근육이 경직됨,40대,중등도 불안장애 증상일 수 있음,걱정과 두려움의 지속은 불안장애의 전형적인 증상입니다.,호흡 연습과 명상으로 긴장을 완화해 보세요.
74,'이유 없이 자주 불안함'을 겪고 있습니다. 이 문제에 대해 어떤 조언을 주실 수 있나요?,이유 없이 자주 불안함,10대,불안장애 초기 증상 가능성 있음,불안장애의 주요 진단 기준 중 하나입니다.,필요시 전문가 상담과 진단을 받는 것이 좋습니다.
75,'불면증과 잦은 악몽'을 겪고 있습니다. 이 문제에 대해 어떤 조언을 주실 수 있나요?,불면증과 잦은 악몽,20대,사회불안장애의 가능성이 있음,걱정과 두려움의 지속은 불안장애의 전형적인 증상입니다.,호흡 연습과 명상으로 긴장을 완화해 보세요.
76,'이유 없이 자주 불안함'을 겪고 있습니다. 이 문제에 대해 어떤 조언을 주실 수 있나요?,이유 없이 자주 불안함,10대,경미한 불안장애로 의심됨,불안장애의 주요 진단 기준 중 하나입니다.,필요시 전문가 상담과 진단을 받는 것이 좋습니다.
77,'사람들 앞에서 말할 때 극도로 불안함'을 겪고 있습니다. 이 문제에 대해 어떤 조언을 주실 수 있나요?,사람들 앞에서 말할 때 극도로 불안함,10대,경미한 불안장애로 의심됨,걱정과 두려움의 지속은 불안장애의 전형적인 증상입니다.,호흡 연습과 명상으로 긴장을 완화해 보세요.
78,'사소한 일에도 과도하게 긴장함'을 겪고 있습니다. 이 문제에 대해 어떤 조언을 주실 수 있나요?,사소한 일에도 과도하게 긴장함,20대,불안장애의 주요 증상에 해당됨,걱정과 두려움의 지속은 불안장애의 전형적인 증상입니다.,호흡 연습과 명상으로 긴장을 완화해 보세요.
79,'갑작스러운 공포감과 호흡 곤란 경험'을 겪고 있습니다. 이 문제에 대해 어떤 조언을 주실 수 있나요?,갑작스러운 공포감과 호흡 곤란 경험,30대,중등도 불안장애 증상일 수 있음,걱정과 두려움의 지속은 불안장애의 전형적인 증상입니다.,일정한 수면 습관을 유지하여 불면을 줄이세요.
80,'머리가 멍해지고 집중력이 떨어짐'을 겪고 있습니다. 이 문제에 대해 어떤 조언을 주실 수 있나요?,머리가 멍해지고 집중력이 떨어짐,30대,불안장애의 주요 증상에 해당됨,사회적 상황에 대한 불안은 사회불안장애의 특징입니다.,일정한 수면 습관을 유지하여 불면을 줄이세요.
81,'사소한 문제에도 지나치게 걱정함'을 겪고 있습니다. 이 문제에 대해 어떤 조언을 주실 수 있나요?,사소한 문제에도 지나치게 걱정함,10대,중등도 불안장애 증상일 수 있음,불안장애의 주요 진단 기준 중 하나입니다.,일정한 수면 습관을 유지하여 불면을 줄이세요.
82,'긴장감이 지속되어 근육이 경직됨'을 겪고 있습니다. 이 문제에 대해 어떤 조언을 주실 수 있나요?,긴장감이 지속되어 근육이 경직됨,30대,불안장애의 주요 증상에 해당됨,긴장과 신체적 반응이 불안장애와 관련이 있습니다.,신뢰할 수 있는 사람과 감정을 나누고 상담을 고려해 보세요.
83,'머리가 멍해지고 집중력이 떨어짐'을 겪고 있습니다. 이 문제에 대해 어떤 조언을 주실 수 있나요?,머리가 멍해지고 집중력이 떨어짐,20대,사회불안장애의 가능성이 있음,불안장애 환자들에게 흔히 나타나는 증상입니다.,신뢰할 수 있는 사람과 감정을 나누고 상담을 고려해 보세요.
84,'항상 최악의 상황을 상상함'을 겪고 있습니다. 이 문제에 대해 어떤 조언을 주실 수 있나요?,항상 최악의 상황을 상상함,30대,불안장애 초기 증상 가능성 있음,불안장애의 주요 진단 기준 중 하나입니다.,필요시 전문가 상담과 진단을 받는 것이 좋습니다.
85,'갑작스러운 공포감과 호흡 곤란 경험'을 겪고 있습니다. 이 문제에 대해 어떤 조언을 주실 수 있나요?,갑작스러운 공포감과 호흡 곤란 경험,20대,사회불안장애의 가능성이 있음,사회적 상황에 대한 불안은 사회불안장애의 특징입니다.,신뢰할 수 있는 사람과 감정을 나누고 상담을 고려해 보세요.
86,'사소한 문제에도 지나치게 걱정함'을 겪고 있습니다. 이 문제에 대해 어떤 조언을 주실 수 있나요?,사소한 문제에도 지나치게 걱정함,10대,중등도 불안장애 증상일 수 있음,사회적 상황에 대한 불안은 사회불안장애의 특징입니다.,일정한 수면 습관을 유지하여 불면을 줄이세요.
87,'사소한 일에도 과도하게 긴장함'을 겪고 있습니다. 이 문제에 대해 어떤 조언을 주실 수 있나요?,사소한 일에도 과도하게 긴장함,40대,불안장애 초기 증상 가능성 있음,걱정과 두려움의 지속은 불안장애의 전형적인 증상입니다.,호흡 연습과 명상으로 긴장을 완화해 보세요.
88,'사소한 일에도 과도하게 긴장함'을 겪고 있습니다. 이 문제에 대해 어떤 조언을 주실 수 있나요?,사소한 일에도 과도하게 긴장함,10대,불안장애의 주요 증상에 해당됨,걱정과 두려움의 지속은 불안장애의 전형적인 증상입니다.,가벼운 신체 활동으로 스트레스를 관리해 보세요.
89,'사소한 일에도 과도하게 긴장함'을 겪고 있습니다. 이 문제에 대해 어떤 조언을 주실 수 있나요?,사소한 일에도 과도하게 긴장함,50대 이상,중등도 불안장애 증상일 수 있음,불안장애의 주요 진단 기준 중 하나입니다.,일정한 수면 습관을 유지하여 불면을 줄이세요.
90,'사소한 문제에도 지나치게 걱정함'을 겪고 있습니다. 이 문제에 대해 어떤 조언을 주실 수 있나요?,사소한 문제에도 지나치게 걱정함,20대,경미한 불안장애로 의심됨,걱정과 두려움의 지속은 불안장애의 전형적인 증상입니다.,일정한 수면 습관을 유지하여 불면을 줄이세요.
91,'이유 없이 자주 불안함'을 겪고 있습니다. 이 문제에 대해 어떤 조언을 주실 수 있나요?,이유 없이 자주 불안함,50대 이상,사회불안장애의 가능성이 있음,사회적 상황에 대한 불안은 사회불안장애의 특징입니다.,신뢰할 수 있는 사람과 감정을 나누고 상담을 고려해 보세요.
92,'사람들 앞에서 말할 때 극도로 불안함'을 겪고 있습니다. 이 문제에 대해 어떤 조언을 주실 수 있나요?,사람들 앞에서 말할 때 극도로 불안함,30대,경미한 불안장애로 의심됨,사회적 상황에 대한 불안은 사회불안장애의 특징입니다.,신뢰할 수 있는 사람과 감정을 나누고 상담을 고려해 보세요.
93,'사소한 문제에도 지나치게 걱정함'을 겪고 있습니다. 이 문제에 대해 어떤 조언을 주실 수 있나요?,사소한 문제에도 지나치게 걱정함,40대,사회불안장애의 가능성이 있음,불안장애의 주요 진단 기준 중 하나입니다.,신뢰할 수 있는 사람과 감정을 나누고 상담을 고려해 보세요.
94,'사소한 일에도 과도하게 긴장함'을 겪고 있습니다. 이 문제에 대해 어떤 조언을 주실 수 있나요?,사소한 일에도 과도하게 긴장함,30대,사회불안장애의 가능성이 있음,불안장애의 주요 진단 기준 중 하나입니다.,가벼운 신체 활동으로 스트레스를 관리해 보세요.
95,'머리가 멍해지고 집중력이 떨어짐'을 겪고 있습니다. 이 문제에 대해 어떤 조언을 주실 수 있나요?,머리가 멍해지고 집중력이 떨어짐,10대,불안장애 초기 증상 가능성 있음,긴장과 신체적 반응이 불안장애와 관련이 있습니다.,필요시 전문가 상담과 진단을 받는 것이 좋습니다.
96,'긴장감이 지속되어 근육이 경직됨'을 겪고 있습니다. 이 문제에 대해 어떤 조언을 주실 수 있나요?,긴장감이 지속되어 근육이 경직됨,40대,사회불안장애의 가능성이 있음,긴장과 신체적 반응이 불안장애와 관련이 있습니다.,신뢰할 수 있는 사람과 감정을 나누고 상담을 고려해 보세요.
97,'이유 없이 자주 불안함'을 겪고 있습니다. 이 문제에 대해 어떤 조언을 주실 수 있나요?,이유 없이 자주 불안함,10대,중등도 불안장애 증상일 수 있음,걱정과 두려움의 지속은 불안장애의 전형적인 증상입니다.,가벼운 신체 활동으로 스트레스를 관리해 보세요.
98,'사소한 일에도 과도하게 긴장함'을 겪고 있습니다. 이 문제에 대해 어떤 조언을 주실 수 있나요?,사소한 일에도 과도하게 긴장함,40대,중등도 불안장애 증상일 수 있음,불안장애의 주요 진단 기준 중 하나입니다.,가벼운 신체 활동으로 스트레스를 관리해 보세요.
99,'긴장감이 지속되어 근육이 경직됨'을 겪고 있습니다. 이 문제에 대해 어떤 조언을 주실 수 있나요?,긴장감이 지속되어 근육이 경직됨,20대,불안장애의 주요 증상에 해당됨,불안장애의 주요 진단 기준 중 하나입니다.,일정한 수면 습관을 유지하여 불면을 줄이세요.
100,'이유 없이 자주 불안함'을 겪고 있습니다. 이 문제에 대해 어떤 조언을 주실 수 있나요?,이유 없이 자주 불안함,30대,불안장애의 주요 증상에 해당됨,불안장애의 주요 진단 기준 중 하나입니다.,호흡 연습과 명상으로 긴장을 완화해 보세요.
1,'체중이 급격히 감소하거나 증가함'을 겪고 있습니다. 이 문제에 대해 어떤 조언을 주실 수 있나요?,체중이 급격히 감소하거나 증가함,50대 이상,불안과 우울증 증상 동반 가능성 있음,우울증과 관련된 신체 증상이 나타나고 있습니다.,가까운 사람과 소통을 늘리거나 전문가 상담을 시도해 보세요.
2,'이유 없이 눈물이 나고 슬픔이 밀려옴'을 겪고 있습니다. 이 문제에 대해 어떤 조언을 주실 수 있나요?,이유 없이 눈물이 나고 슬픔이 밀려옴,30대,불안과 우울증 증상 동반 가능성 있음,일상에서 즐거움 감소는 우울증의 전형적인 증상입니다.,하루 일정을 계획적으로 관리하며 집중력을 높여 보세요.
3,'잠을 잘 못 자고 매일 피곤함'을 겪고 있습니다. 이 문제에 대해 어떤 조언을 주실 수 있나요?,잠을 잘 못 자고 매일 피곤함,30대,경미한 우울증으로 볼 수 있음,우울증 환자에게 자주 보이는 증상입니다.,규칙적인 수면 패턴을 유지하고 수면 환경을 개선하세요.
4,'일에 집중하기 어려움'을 겪고 있습니다. 이 문제에 대해 어떤 조언을 주실 수 있나요?,일에 집중하기 어려움,10대,우울증의 초기 증상으로 의심됨,우울증의 주요 진단 기준에 해당됩니다.,하루 일정을 계획적으로 관리하며 집중력을 높여 보세요.
5,'이전에 즐겼던 것들에 흥미를 잃음'을 겪고 있습니다. 이 문제에 대해 어떤 조언을 주실 수 있나요?,이전에 즐겼던 것들에 흥미를 잃음,30대,경미한 우울증으로 볼 수 있음,인지 기능 저하가 우울증과 연관됩니다.,식사 일정을 정해 규칙적으로 영양을 섭취해 보세요.
6,'예전보다 감정 기복이 심해짐'을 겪고 있습니다. 이 문제에 대해 어떤 조언을 주실 수 있나요?,예전보다 감정 기복이 심해짐,10대,중등도 우울증 증상일 수 있음,인지 기능 저하가 우울증과 연관됩니다.,식사 일정을 정해 규칙적으로 영양을 섭취해 보세요.
7,'일에 집중하기 어려움'을 겪고 있습니다. 이 문제에 대해 어떤 조언을 주실 수 있나요?,일에 집중하기 어려움,20대,중등도 우울증 증상일 수 있음,일상에서 즐거움 감소는 우울증의 전형적인 증상입니다.,가벼운 운동과 산책을 통해 활력을 되찾아 보세요.
8,'일에 집중하기 어려움'을 겪고 있습니다. 이 문제에 대해 어떤 조언을 주실 수 있나요?,일에 집중하기 어려움,50대 이상,우울증의 초기 증상으로 의심됨,우울증의 주요 진단 기준에 해당됩니다.,하루 일정을 계획적으로 관리하며 집중력을 높여 보세요.
9,'체중이 급격히 감소하거나 증가함'을 겪고 있습니다. 이 문제에 대해 어떤 조언을 주실 수 있나요?,체중이 급격히 감소하거나 증가함,50대 이상,중등도 우울증 증상일 수 있음,우울증과 관련된 신체 증상이 나타나고 있습니다.,간단한 명상이나 스트레칭으로 마음을 안정시켜 보세요.
10,'과도한 피로와 기진맥진 상태'을 겪고 있습니다. 이 문제에 대해 어떤 조언을 주실 수 있나요?,과도한 피로와 기진맥진 상태,20대,불안과 우울증 증상 동반 가능성 있음,우울증과 관련된 신체 증상이 나타나고 있습니다.,식사 일정을 정해 규칙적으로 영양을 섭취해 보세요.
11,'사람들과 어울리기 싫고 혼자 있는 시간이 많아짐'을 겪고 있습니다. 이 문제에 대해 어떤 조언을 주실 수 있나요?,사람들과 어울리기 싫고 혼자 있는 시간이 많아짐,40대,불안과 우울증 증상 동반 가능성 있음,우울증과 관련된 신체 증상이 나타나고 있습니다.,가벼운 운동과 산책을 통해 활력을 되찾아 보세요.
12,'이유 없이 눈물이 나고 슬픔이 밀려옴'을 겪고 있습니다. 이 문제에 대해 어떤 조언을 주실 수 있나요?,이유 없이 눈물이 나고 슬픔이 밀려옴,50대 이상,우울증 가능성이 높음,우울증 환자에게 자주 보이는 증상입니다.,규칙적인 수면 패턴을 유지하고 수면 환경을 개선하세요.
13,'이유 없이 눈물이 나고 슬픔이 밀려옴'을 겪고 있습니다. 이 문제에 대해 어떤 조언을 주실 수 있나요?,이유 없이 눈물이 나고 슬픔이 밀려옴,50대 이상,중등도 우울증 증상일 수 있음,우울증의 주요 진단 기준에 해당됩니다.,하루 일정을 계획적으로 관리하며 집중력을 높여 보세요.
14,'사람들과 어울리기 싫고 혼자 있는 시간이 많아짐'을 겪고 있습니다. 이 문제에 대해 어떤 조언을 주실 수 있나요?,사람들과 어울리기 싫고 혼자 있는 시간이 많아짐,20대,우울증 가능성이 높음,인지 기능 저하가 우울증과 연관됩니다.,가까운 사람과 소통을 늘리거나 전문가 상담을 시도해 보세요.
15,'예전보다 감정 기복이 심해짐'을 겪고 있습니다. 이 문제에 대해 어떤 조언을 주실 수 있나요?,예전보다 감정 기복이 심해짐,10대,불안과 우울증 증상 동반 가능성 있음,우울증의 주요 진단 기준에 해당됩니다.,하루 일정을 계획적으로 관리하며 집중력을 높여 보세요.
16,'예전보다 감정 기복이 심해짐'을 겪고 있습니다. 이 문제에 대해 어떤 조언을 주실 수 있나요?,예전보다 감정 기복이 심해짐,20대,우울증 가능성이 높음,우울증 환자에게 자주 보이는 증상입니다.,가까운 사람과 소통을 늘리거나 전문가 상담을 시도해 보세요.
17,'일에 집중하기 어려움'을 겪고 있습니다. 이 문제에 대해 어떤 조언을 주실 수 있나요?,일에 집중하기 어려움,40대,우울증 가능성이 높음,우울증 환자에게 자주 보이는 증상입니다.,식사 일정을 정해 규칙적으로 영양을 섭취해 보세요.
18,'자주 무기력감과 무동기 상태를 느낌'을 겪고 있습니다. 이 문제에 대해 어떤 조언을 주실 수 있나요?,자주 무기력감과 무동기 상태를 느낌,10대,우울증 가능성이 높음,우울증과 관련된 신체 증상이 나타나고 있습니다.,간단한 명상이나 스트레칭으로 마음을 안정시켜 보세요.
19,'식욕이 감소하여 먹는 것이 귀찮음'을 겪고 있습니다. 이 문제에 대해 어떤 조언을 주실 수 있나요?,식욕이 감소하여 먹는 것이 귀찮음,50대 이상,불안과 우울증 증상 동반 가능성 있음,일상에서 즐거움 감소는 우울증의 전형적인 증상입니다.,간단한 명상이나 스트레칭으로 마음을 안정시켜 보세요.
20,'과도한 피로와 기진맥진 상태'을 겪고 있습니다. 이 문제에 대해 어떤 조언을 주실 수 있나요?,과도한 피로와 기진맥진 상태,20대,중등도 우울증 증상일 수 있음,우울증과 관련된 신체 증상이 나타나고 있습니다.,간단한 명상이나 스트레칭으로 마음을 안정시켜 보세요.
21,'체중이 급격히 감소하거나 증가함'을 겪고 있습니다. 이 문제에 대해 어떤 조언을 주실 수 있나요?,체중이 급격히 감소하거나 증가함,10대,경미한 우울증으로 볼 수 있음,우울증과 관련된 신체 증상이 나타나고 있습니다.,가벼운 운동과 산책을 통해 활력을 되찾아 보세요.
22,'이유 없이 눈물이 나고 슬픔이 밀려옴'을 겪고 있습니다. 이 문제에 대해 어떤 조언을 주실 수 있나요?,이유 없이 눈물이 나고 슬픔이 밀려옴,20대,경미한 우울증으로 볼 수 있음,인지 기능 저하가 우울증과 연관됩니다.,가까운 사람과 소통을 늘리거나 전문가 상담을 시도해 보세요.
23,'사람들과 어울리기 싫고 혼자 있는 시간이 많아짐'을 겪고 있습니다. 이 문제에 대해 어떤 조언을 주실 수 있나요?,사람들과 어울리기 싫고 혼자 있는 시간이 많아짐,40대,불안과 우울증 증상 동반 가능성 있음,우울증과 관련된 신체 증상이 나타나고 있습니다.,식사 일정을 정해 규칙적으로 영양을 섭취해 보세요.
24,'체중이 급격히 감소하거나 증가함'을 겪고 있습니다. 이 문제에 대해 어떤 조언을 주실 수 있나요?,체중이 급격히 감소하거나 증가함,50대 이상,우울증 가능성이 높음,일상에서 즐거움 감소는 우울증의 전형적인 증상입니다.,규칙적인 수면 패턴을 유지하고 수면 환경을 개선하세요.
25,'예전보다 감정 기복이 심해짐'을 겪고 있습니다. 이 문제에 대해 어떤 조언을 주실 수 있나요?,예전보다 감정 기복이 심해짐,10대,우울증의 초기 증상으로 의심됨,우울증의 주요 진단 기준에 해당됩니다.,간단한 명상이나 스트레칭으로 마음을 안정시켜 보세요.
26,'사람들과 어울리기 싫고 혼자 있는 시간이 많아짐'을 겪고 있습니다. 이 문제에 대해 어떤 조언을 주실 수 있나요?,사람들과 어울리기 싫고 혼자 있는 시간이 많아짐,50대 이상,경미한 우울증으로 볼 수 있음,우울증과 관련된 신체 증상이 나타나고 있습니다.,식사 일정을 정해 규칙적으로 영양을 섭취해 보세요.
27,'자주 무기력감과 무동기 상태를 느낌'을 겪고 있습니다. 이 문제에 대해 어떤 조언을 주실 수 있나요?,자주 무기력감과 무동기 상태를 느낌,50대 이상,우울증 가능성이 높음,우울증의 주요 진단 기준에 해당됩니다.,규칙적인 수면 패턴을 유지하고 수면 환경을 개선하세요.
28,'일에 집중하기 어려움'을 겪고 있습니다. 이 문제에 대해 어떤 조언을 주실 수 있나요?,일에 집중하기 어려움,10대,우울증 가능성이 높음,인지 기능 저하가 우울증과 연관됩니다.,가까운 사람과 소통을 늘리거나 전문가 상담을 시도해 보세요.
29,'자주 무기력감과 무동기 상태를 느낌'을 겪고 있습니다. 이 문제에 대해 어떤 조언을 주실 수 있나요?,자주 무기력감과 무동기 상태를 느낌,20대,우울증 가능성이 높음,우울증의 주요 진단 기준에 해당됩니다.,가까운 사람과 소통을 늘리거나 전문가 상담을 시도해 보세요.
30,'과도한 피로와 기진맥진 상태'을 겪고 있습니다. 이 문제에 대해 어떤 조언을 주실 수 있나요?,과도한 피로와 기진맥진 상태,50대 이상,불안과 우울증 증상 동반 가능성 있음,우울증의 주요 진단 기준에 해당됩니다.,가벼운 운동과 산책을 통해 활력을 되찾아 보세요.
31,'잠을 잘 못 자고 매일 피곤함'을 겪고 있습니다. 이 문제에 대해 어떤 조언을 주실 수 있나요?,잠을 잘 못 자고 매일 피곤함,30대,경미한 우울증으로 볼 수 있음,우울증 환자에게 자주 보이는 증상입니다.,하루 일정을 계획적으로 관리하며 집중력을 높여 보세요.
32,'체중이 급격히 감소하거나 증가함'을 겪고 있습니다. 이 문제에 대해 어떤 조언을 주실 수 있나요?,체중이 급격히 감소하거나 증가함,50대 이상,우울증 가능성이 높음,일상에서 즐거움 감소는 우울증의 전형적인 증상입니다.,규칙적인 수면 패턴을 유지하고 수면 환경을 개선하세요.
33,'이유 없이 눈물이 나고 슬픔이 밀려옴'을 겪고 있습니다. 이 문제에 대해 어떤 조언을 주실 수 있나요?,이유 없이 눈물이 나고 슬픔이 밀려옴,50대 이상,불안과 우울증 증상 동반 가능성 있음,인지 기능 저하가 우울증과 연관됩니다.,규칙적인 수면 패턴을 유지하고 수면 환경을 개선하세요.
34,'이유 없이 눈물이 나고 슬픔이 밀려옴'을 겪고 있습니다. 이 문제에 대해 어떤 조언을 주실 수 있나요?,이유 없이 눈물이 나고 슬픔이 밀려옴,10대,우울증의 초기 증상으로 의심됨,우울증과 관련된 신체 증상이 나타나고 있습니다.,규칙적인 수면 패턴을 유지하고 수면 환경을 개선하세요.
35,'사람들과 어울리기 싫고 혼자 있는 시간이 많아짐'을 겪고 있습니다. 이 문제에 대해 어떤 조언을 주실 수 있나요?,사람들과 어울리기 싫고 혼자 있는 시간이 많아짐,10대,중등도 우울증 증상일 수 있음,인지 기능 저하가 우울증과 연관됩니다.,식사 일정을 정해 규칙적으로 영양을 섭취해 보세요.
36,'사람들과 어울리기 싫고 혼자 있는 시간이 많아짐'을 겪고 있습니다. 이 문제에 대해 어떤 조언을 주실 수 있나요?,사람들과 어울리기 싫고 혼자 있는 시간이 많아짐,10대,우울증의 초기 증상으로 의심됨,우울증의 주요 진단 기준에 해당됩니다.,식사 일정을 정해 규칙적으로 영양을 섭취해 보세요.
37,'과도한 피로와 기진맥진 상태'을 겪고 있습니다. 이 문제에 대해 어떤 조언을 주실 수 있나요?,과도한 피로와 기진맥진 상태,30대,중등도 우울증 증상일 수 있음,우울증의 주요 진단 기준에 해당됩니다.,가벼운 운동과 산책을 통해 활력을 되찾아 보세요.
38,'잠을 잘 못 자고 매일 피곤함'을 겪고 있습니다. 이 문제에 대해 어떤 조언을 주실 수 있나요?,잠을 잘 못 자고 매일 피곤함,10대,중등도 우울증 증상일 수 있음,우울증의 주요 진단 기준에 해당됩니다.,간단한 명상이나 스트레칭으로 마음을 안정시켜 보세요.
39,'과도한 피로와 기진맥진 상태'을 겪고 있습니다. 이 문제에 대해 어떤 조언을 주실 수 있나요?,과도한 피로와 기진맥진 상태,30대,우울증 가능성이 높음,일상에서 즐거움 감소는 우울증의 전형적인 증상입니다.,가까운 사람과 소통을 늘리거나 전문가 상담을 시도해 보세요.
40,'자주 무기력감과 무동기 상태를 느낌'을 겪고 있습니다. 이 문제에 대해 어떤 조언을 주실 수 있나요?,자주 무기력감과 무동기 상태를 느낌,10대,중등도 우울증 증상일 수 있음,인지 기능 저하가 우울증과 연관됩니다.,간단한 명상이나 스트레칭으로 마음을 안정시켜 보세요.
41,'과도한 피로와 기진맥진 상태'을 겪고 있습니다. 이 문제에 대해 어떤 조언을 주실 수 있나요?,과도한 피로와 기진맥진 상태,20대,경미한 우울증으로 볼 수 있음,인지 기능 저하가 우울증과 연관됩니다.,식사 일정을 정해 규칙적으로 영양을 섭취해 보세요.
42,'이전에 즐겼던 것들에 흥미를 잃음'을 겪고 있습니다. 이 문제에 대해 어떤 조언을 주실 수 있나요?,이전에 즐겼던 것들에 흥미를 잃음,10대,경미한 우울증으로 볼 수 있음,우울증 환자에게 자주 보이는 증상입니다.,식사 일정을 정해 규칙적으로 영양을 섭취해 보세요.
43,'이유 없이 눈물이 나고 슬픔이 밀려옴'을 겪고 있습니다. 이 문제에 대해 어떤 조언을 주실 수 있나요?,이유 없이 눈물이 나고 슬픔이 밀려옴,40대,우울증 가능성이 높음,우울증의 주요 진단 기준에 해당됩니다.,가벼운 운동과 산책을 통해 활력을 되찾아 보세요.
44,'일에 집중하기 어려움'을 겪고 있습니다. 이 문제에 대해 어떤 조언을 주실 수 있나요?,일에 집중하기 어려움,30대,우울증의 초기 증상으로 의심됨,우울증의 주요 진단 기준에 해당됩니다.,가벼운 운동과 산책을 통해 활력을 되찾아 보세요.
45,'예전보다 감정 기복이 심해짐'을 겪고 있습니다. 이 문제에 대해 어떤 조언을 주실 수 있나요?,예전보다 감정 기복이 심해짐,30대,중등도 우울증 증상일 수 있음,우울증과 관련된 신체 증상이 나타나고 있습니다.,가벼운 운동과 산책을 통해 활력을 되찾아 보세요.
46,'사람들과 어울리기 싫고 혼자 있는 시간이 많아짐'을 겪고 있습니다. 이 문제에 대해 어떤 조언을 주실 수 있나요?,사람들과 어울리기 싫고 혼자 있는 시간이 많아짐,40대,우울증 가능성이 높음,우울증의 주요 진단 기준에 해당됩니다.,가벼운 운동과 산책을 통해 활력을 되찾아 보세요.
47,'잠을 잘 못 자고 매일 피곤함'을 겪고 있습니다. 이 문제에 대해 어떤 조언을 주실 수 있나요?,잠을 잘 못 자고 매일 피곤함,40대,우울증 가능성이 높음,우울증 환자에게 자주 보이는 증상입니다.,간단한 명상이나 스트레칭으로 마음을 안정시켜 보세요.
48,'잠을 잘 못 자고 매일 피곤함'을 겪고 있습니다. 이 문제에 대해 어떤 조언을 주실 수 있나요?,잠을 잘 못 자고 매일 피곤함,50대 이상,경미한 우울증으로 볼 수 있음,우울증과 관련된 신체 증상이 나타나고 있습니다.,식사 일정을 정해 규칙적으로 영양을 섭취해 보세요.
49,'체중이 급격히 감소하거나 증가함'을 겪고 있습니다. 이 문제에 대해 어떤 조언을 주실 수 있나요?,체중이 급격히 감소하거나 증가함,40대,경미한 우울증으로 볼 수 있음,우울증 환자에게 자주 보이는 증상입니다.,식사 일정을 정해 규칙적으로 영양을 섭취해 보세요.
50,'이전에 즐겼던 것들에 흥미를 잃음'을 겪고 있습니다. 이 문제에 대해 어떤 조언을 주실 수 있나요?,이전에 즐겼던 것들에 흥미를 잃음,30대,중등도 우울증 증상일 수 있음,인지 기능 저하가 우울증과 연관됩니다.,가벼운 운동과 산책을 통해 활력을 되찾아 보세요.
51,'자주 무기력감과 무동기 상태를 느낌'을 겪고 있습니다. 이 문제에 대해 어떤 조언을 주실 수 있나요?,자주 무기력감과 무동기 상태를 느낌,40대,우울증의 초기 증상으로 의심됨,우울증과 관련된 신체 증상이 나타나고 있습니다.,가벼운 운동과 산책을 통해 활력을 되찾아 보세요.
52,'체중이 급격히 감소하거나 증가함'을 겪고 있습니다. 이 문제에 대해 어떤 조언을 주실 수 있나요?,체중이 급격히 감소하거나 증가함,50대 이상,경미한 우울증으로 볼 수 있음,일상에서 즐거움 감소는 우울증의 전형적인 증상입니다.,가까운 사람과 소통을 늘리거나 전문가 상담을 시도해 보세요.
53,'일에 집중하기 어려움'을 겪고 있습니다. 이 문제에 대해 어떤 조언을 주실 수 있나요?,일에 집중하기 어려움,10대,우울증의 초기 증상으로 의심됨,우울증의 주요 진단 기준에 해당됩니다.,하루 일정을 계획적으로 관리하며 집중력을 높여 보세요.
54,'자주 무기력감과 무동기 상태를 느낌'을 겪고 있습니다. 이 문제에 대해 어떤 조언을 주실 수 있나요?,자주 무기력감과 무동기 상태를 느낌,40대,불안과 우울증 증상 동반 가능성 있음,우울증 환자에게 자주 보이는 증상입니다.,식사 일정을 정해 규칙적으로 영양을 섭취해 보세요.
55,'일에 집중하기 어려움'을 겪고 있습니다. 이 문제에 대해 어떤 조언을 주실 수 있나요?,일에 집중하기 어려움,40대,우울증 가능성이 높음,우울증 환자에게 자주 보이는 증상입니다.,간단한 명상이나 스트레칭으로 마음을 안정시켜 보세요.
56,'과도한 피로와 기진맥진 상태'을 겪고 있습니다. 이 문제에 대해 어떤 조언을 주실 수 있나요?,과도한 피로와 기진맥진 상태,30대,중등도 우울증 증상일 수 있음,일상에서 즐거움 감소는 우울증의 전형적인 증상입니다.,식사 일정을 정해 규칙적으로 영양을 섭취해 보세요.
57,'이전에 즐겼던 것들에 흥미를 잃음'을 겪고 있습니다. 이 문제에 대해 어떤 조언을 주실 수 있나요?,이전에 즐겼던 것들에 흥미를 잃음,30대,불안과 우울증 증상 동반 가능성 있음,일상에서 즐거움 감소는 우울증의 전형적인 증상입니다.,하루 일정을 계획적으로 관리하며 집중력을 높여 보세요.
58,'자주 무기력감과 무동기 상태를 느낌'을 겪고 있습니다. 이 문제에 대해 어떤 조언을 주실 수 있나요?,자주 무기력감과 무동기 상태를 느낌,20대,경미한 우울증으로 볼 수 있음,인지 기능 저하가 우울증과 연관됩니다.,가까운 사람과 소통을 늘리거나 전문가 상담을 시도해 보세요.
59,'과도한 피로와 기진맥진 상태'을 겪고 있습니다. 이 문제에 대해 어떤 조언을 주실 수 있나요?,과도한 피로와 기진맥진 상태,10대,경미한 우울증으로 볼 수 있음,우울증과 관련된 신체 증상이 나타나고 있습니다.,가까운 사람과 소통을 늘리거나 전문가 상담을 시도해 보세요.
60,'이유 없이 눈물이 나고 슬픔이 밀려옴'을 겪고 있습니다. 이 문제에 대해 어떤 조언을 주실 수 있나요?,이유 없이 눈물이 나고 슬픔이 밀려옴,30대,불안과 우울증 증상 동반 가능성 있음,일상에서 즐거움 감소는 우울증의 전형적인 증상입니다.,가벼운 운동과 산책을 통해 활력을 되찾아 보세요.
61,'과도한 피로와 기진맥진 상태'을 겪고 있습니다. 이 문제에 대해 어떤 조언을 주실 수 있나요?,과도한 피로와 기진맥진 상태,50대 이상,불안과 우울증 증상 동반 가능성 있음,우울증의 주요 진단 기준에 해당됩니다.,가까운 사람과 소통을 늘리거나 전문가 상담을 시도해 보세요.
62,'과도한 피로와 기진맥진 상태'을 겪고 있습니다. 이 문제에 대해 어떤 조언을 주실 수 있나요?,과도한 피로와 기진맥진 상태,10대,우울증 가능성이 높음,우울증과 관련된 신체 증상이 나타나고 있습니다.,규칙적인 수면 패턴을 유지하고 수면 환경을 개선하세요.
63,'식욕이 감소하여 먹는 것이 귀찮음'을 겪고 있습니다. 이 문제에 대해 어떤 조언을 주실 수 있나요?,식욕이 감소하여 먹는 것이 귀찮음,40대,중등도 우울증 증상일 수 있음,우울증의 주요 진단 기준에 해당됩니다.,식사 일정을 정해 규칙적으로 영양을 섭취해 보세요.
64,'체중이 급격히 감소하거나 증가함'을 겪고 있습니다. 이 문제에 대해 어떤 조언을 주실 수 있나요?,체중이 급격히 감소하거나 증가함,10대,우울증의 초기 증상으로 의심됨,우울증 환자에게 자주 보이는 증상입니다.,가벼운 운동과 산책을 통해 활력을 되찾아 보세요.
65,'과도한 피로와 기진맥진 상태'을 겪고 있습니다. 이 문제에 대해 어떤 조언을 주실 수 있나요?,과도한 피로와 기진맥진 상태,20대,우울증 가능성이 높음,우울증과 관련된 신체 증상이 나타나고 있습니다.,하루 일정을 계획적으로 관리하며 집중력을 높여 보세요.
66,'과도한 피로와 기진맥진 상태'을 겪고 있습니다. 이 문제에 대해 어떤 조언을 주실 수 있나요?,과도한 피로와 기진맥진 상태,10대,불안과 우울증 증상 동반 가능성 있음,인지 기능 저하가 우울증과 연관됩니다.,하루 일정을 계획적으로 관리하며 집중력을 높여 보세요.
67,'일에 집중하기 어려움'을 겪고 있습니다. 이 문제에 대해 어떤 조언을 주실 수 있나요?,일에 집중하기 어려움,20대,중등도 우울증 증상일 수 있음,우울증과 관련된 신체 증상이 나타나고 있습니다.,간단한 명상이나 스트레칭으로 마음을 안정시켜 보세요.
68,'과도한 피로와 기진맥진 상태'을 겪고 있습니다. 이 문제에 대해 어떤 조언을 주실 수 있나요?,과도한 피로와 기진맥진 상태,30대,불안과 우울증 증상 동반 가능성 있음,우울증 환자에게 자주 보이는 증상입니다.,식사 일정을 정해 규칙적으로 영양을 섭취해 보세요.
69,'식욕이 감소하여 먹는 것이 귀찮음'을 겪고 있습니다. 이 문제에 대해 어떤 조언을 주실 수 있나요?,식욕이 감소하여 먹는 것이 귀찮음,30대,경미한 우울증으로 볼 수 있음,우울증과 관련된 신체 증상이 나타나고 있습니다.,간단한 명상이나 스트레칭으로 마음을 안정시켜 보세요.
70,'이유 없이 눈물이 나고 슬픔이 밀려옴'을 겪고 있습니다. 이 문제에 대해 어떤 조언을 주실 수 있나요?,이유 없이 눈물이 나고 슬픔이 밀려옴,10대,불안과 우울증 증상 동반 가능성 있음,우울증의 주요 진단 기준에 해당됩니다.,가벼운 운동과 산책을 통해 활력을 되찾아 보세요.
71,'잠을 잘 못 자고 매일 피곤함'을 겪고 있습니다. 이 문제에 대해 어떤 조언을 주실 수 있나요?,잠을 잘 못 자고 매일 피곤함,20대,중등도 우울증 증상일 수 있음,일상에서 즐거움 감소는 우울증의 전형적인 증상입니다.,가벼운 운동과 산책을 통해 활력을 되찾아 보세요.
72,'잠을 잘 못 자고 매일 피곤함'을 겪고 있습니다. 이 문제에 대해 어떤 조언을 주실 수 있나요?,잠을 잘 못 자고 매일 피곤함,30대,우울증의 초기 증상으로 의심됨,우울증의 주요 진단 기준에 해당됩니다.,식사 일정을 정해 규칙적으로 영양을 섭취해 보세요.
73,'이전에 즐겼던 것들에 흥미를 잃음'을 겪고 있습니다. 이 문제에 대해 어떤 조언을 주실 수 있나요?,이전에 즐겼던 것들에 흥미를 잃음,30대,경미한 우울증으로 볼 수 있음,일상에서 즐거움 감소는 우울증의 전형적인 증상입니다.,가벼운 운동과 산책을 통해 활력을 되찾아 보세요.
74,'예전보다 감정 기복이 심해짐'을 겪고 있습니다. 이 문제에 대해 어떤 조언을 주실 수 있나요?,예전보다 감정 기복이 심해짐,40대,우울증의 초기 증상으로 의심됨,우울증의 주요 진단 기준에 해당됩니다.,식사 일정을 정해 규칙적으로 영양을 섭취해 보세요.
75,'과도한 피로와 기진맥진 상태'을 겪고 있습니다. 이 문제에 대해 어떤 조언을 주실 수 있나요?,과도한 피로와 기진맥진 상태,10대,경미한 우울증으로 볼 수 있음,우울증의 주요 진단 기준에 해당됩니다.,간단한 명상이나 스트레칭으로 마음을 안정시켜 보세요.
76,'이전에 즐겼던 것들에 흥미를 잃음'을 겪고 있습니다. 이 문제에 대해 어떤 조언을 주실 수 있나요?,이전에 즐겼던 것들에 흥미를 잃음,50대 이상,우울증의 초기 증상으로 의심됨,우울증 환자에게 자주 보이는 증상입니다.,하루 일정을 계획적으로 관리하며 집중력을 높여 보세요.
77,'과도한 피로와 기진맥진 상태'을 겪고 있습니다. 이 문제에 대해 어떤 조언을 주실 수 있나요?,과도한 피로와 기진맥진 상태,20대,경미한 우울증으로 볼 수 있음,인지 기능 저하가 우울증과 연관됩니다.,가벼운 운동과 산책을 통해 활력을 되찾아 보세요.
78,'이전에 즐겼던 것들에 흥미를 잃음'을 겪고 있습니다. 이 문제에 대해 어떤 조언을 주실 수 있나요?,이전에 즐겼던 것들에 흥미를 잃음,20대,경미한 우울증으로 볼 수 있음,인지 기능 저하가 우울증과 연관됩니다.,가벼운 운동과 산책을 통해 활력을 되찾아 보세요.
79,'잠을 잘 못 자고 매일 피곤함'을 겪고 있습니다. 이 문제에 대해 어떤 조언을 주실 수 있나요?,잠을 잘 못 자고 매일 피곤함,10대,우울증 가능성이 높음,일상에서 즐거움 감소는 우울증의 전형적인 증상입니다.,규칙적인 수면 패턴을 유지하고 수면 환경을 개선하세요.
80,'이유 없이 눈물이 나고 슬픔이 밀려옴'을 겪고 있습니다. 이 문제에 대해 어떤 조언을 주실 수 있나요?,이유 없이 눈물이 나고 슬픔이 밀려옴,50대 이상,중등도 우울증 증상일 수 있음,우울증 환자에게 자주 보이는 증상입니다.,가벼운 운동과 산책을 통해 활력을 되찾아 보세요.
81,'이전에 즐겼던 것들에 흥미를 잃음'을 겪고 있습니다. 이 문제에 대해 어떤 조언을 주실 수 있나요?,이전에 즐겼던 것들에 흥미를 잃음,50대 이상,중등도 우울증 증상일 수 있음,일상에서 즐거움 감소는 우울증의 전형적인 증상입니다.,규칙적인 수면 패턴을 유지하고 수면 환경을 개선하세요.
82,'잠을 잘 못 자고 매일 피곤함'을 겪고 있습니다. 이 문제에 대해 어떤 조언을 주실 수 있나요?,잠을 잘 못 자고 매일 피곤함,50대 이상,우울증 가능성이 높음,우울증의 주요 진단 기준에 해당됩니다.,가벼운 운동과 산책을 통해 활력을 되찾아 보세요.
83,'식욕이 감소하여 먹는 것이 귀찮음'을 겪고 있습니다. 이 문제에 대해 어떤 조언을 주실 수 있나요?,식욕이 감소하여 먹는 것이 귀찮음,20대,우울증 가능성이 높음,일상에서 즐거움 감소는 우울증의 전형적인 증상입니다.,하루 일정을 계획적으로 관리하며 집중력을 높여 보세요.
84,'이유 없이 눈물이 나고 슬픔이 밀려옴'을 겪고 있습니다. 이 문제에 대해 어떤 조언을 주실 수 있나요?,이유 없이 눈물이 나고 슬픔이 밀려옴,30대,경미한 우울증으로 볼 수 있음,우울증과 관련된 신체 증상이 나타나고 있습니다.,가벼운 운동과 산책을 통해 활력을 되찾아 보세요.
85,'체중이 급격히 감소하거나 증가함'을 겪고 있습니다. 이 문제에 대해 어떤 조언을 주실 수 있나요?,체중이 급격히 감소하거나 증가함,40대,우울증 가능성이 높음,일상에서 즐거움 감소는 우울증의 전형적인 증상입니다.,하루 일정을 계획적으로 관리하며 집중력을 높여 보세요.
86,'과도한 피로와 기진맥진 상태'을 겪고 있습니다. 이 문제에 대해 어떤 조언을 주실 수 있나요?,과도한 피로와 기진맥진 상태,30대,우울증 가능성이 높음,우울증과 관련된 신체 증상이 나타나고 있습니다.,가까운 사람과 소통을 늘리거나 전문가 상담을 시도해 보세요.
87,'일에 집중하기 어려움'을 겪고 있습니다. 이 문제에 대해 어떤 조언을 주실 수 있나요?,일에 집중하기 어려움,50대 이상,경미한 우울증으로 볼 수 있음,일상에서 즐거움 감소는 우울증의 전형적인 증상입니다.,하루 일정을 계획적으로 관리하며 집중력을 높여 보세요.
88,'이전에 즐겼던 것들에 흥미를 잃음'을 겪고 있습니다. 이 문제에 대해 어떤 조언을 주실 수 있나요?,이전에 즐겼던 것들에 흥미를 잃음,50대 이상,우울증 가능성이 높음,우울증과 관련된 신체 증상이 나타나고 있습니다.,간단한 명상이나 스트레칭으로 마음을 안정시켜 보세요.
89,'일에 집중하기 어려움'을 겪고 있습니다. 이 문제에 대해 어떤 조언을 주실 수 있나요?,일에 집중하기 어려움,30대,불안과 우울증 증상 동반 가능성 있음,우울증과 관련된 신체 증상이 나타나고 있습니다.,하루 일정을 계획적으로 관리하며 집중력을 높여 보세요.
90,'예전보다 감정 기복이 심해짐'을 겪고 있습니다. 이 문제에 대해 어떤 조언을 주실 수 있나요?,예전보다 감정 기복이 심해짐,30대,불안과 우울증 증상 동반 가능성 있음,인지 기능 저하가 우울증과 연관됩니다.,가까운 사람과 소통을 늘리거나 전문가 상담을 시도해 보세요.
91,'자주 무기력감과 무동기 상태를 느낌'을 겪고 있습니다. 이 문제에 대해 어떤 조언을 주실 수 있나요?,자주 무기력감과 무동기 상태를 느낌,20대,불안과 우울증 증상 동반 가능성 있음,우울증의 주요 진단 기준에 해당됩니다.,식사 일정을 정해 규칙적으로 영양을 섭취해 보세요.
92,'식욕이 감소하여 먹는 것이 귀찮음'을 겪고 있습니다. 이 문제에 대해 어떤 조언을 주실 수 있나요?,식욕이 감소하여 먹는 것이 귀찮음,10대,우울증의 초기 증상으로 의심됨,우울증의 주요 진단 기준에 해당됩니다.,가까운 사람과 소통을 늘리거나 전문가 상담을 시도해 보세요.
93,'일에 집중하기 어려움'을 겪고 있습니다. 이 문제에 대해 어떤 조언을 주실 수 있나요?,일에 집중하기 어려움,40대,우울증의 초기 증상으로 의심됨,우울증과 관련된 신체 증상이 나타나고 있습니다.,간단한 명상이나 스트레칭으로 마음을 안정시켜 보세요.
94,'사람들과 어울리기 싫고 혼자 있는 시간이 많아짐'을 겪고 있습니다. 이 문제에 대해 어떤 조언을 주실 수 있나요?,사람들과 어울리기 싫고 혼자 있는 시간이 많아짐,30대,중등도 우울증 증상일 수 있음,인지 기능 저하가 우울증과 연관됩니다.,하루 일정을 계획적으로 관리하며 집중력을 높여 보세요.
95,'잠을 잘 못 자고 매일 피곤함'을 겪고 있습니다. 이 문제에 대해 어떤 조언을 주실 수 있나요?,잠을 잘 못 자고 매일 피곤함,50대 이상,우울증의 초기 증상으로 의심됨,일상에서 즐거움 감소는 우울증의 전형적인 증상입니다.,하루 일정을 계획적으로 관리하며 집중력을 높여 보세요.
96,'일에 집중하기 어려움'을 겪고 있습니다. 이 문제에 대해 어떤 조언을 주실 수 있나요?,일에 집중하기 어려움,20대,중등도 우울증 증상일 수 있음,우울증과 관련된 신체 증상이 나타나고 있습니다.,규칙적인 수면 패턴을 유지하고 수면 환경을 개선하세요.
97,'일에 집중하기 어려움'을 겪고 있습니다. 이 문제에 대해 어떤 조언을 주실 수 있나요?,일에 집중하기 어려움,40대,중등도 우울증 증상일 수 있음,우울증과 관련된 신체 증상이 나타나고 있습니다.,하루 일정을 계획적으로 관리하며 집중력을 높여 보세요.
98,'이전에 즐겼던 것들에 흥미를 잃음'을 겪고 있습니다. 이 문제에 대해 어떤 조언을 주실 수 있나요?,이전에 즐겼던 것들에 흥미를 잃음,50대 이상,불안과 우울증 증상 동반 가능성 있음,일상에서 즐거움 감소는 우울증의 전형적인 증상입니다.,가까운 사람과 소통을 늘리거나 전문가 상담을 시도해 보세요.
99,'이전에 즐겼던 것들에 흥미를 잃음'을 겪고 있습니다. 이 문제에 대해 어떤 조언을 주실 수 있나요?,이전에 즐겼던 것들에 흥미를 잃음,20대,경미한 우울증으로 볼 수 있음,우울증의 주요 진단 기준에 해당됩니다.,규칙적인 수면 패턴을 유지하고 수면 환경을 개선하세요.
100,'예전보다 감정 기복이 심해짐'을 겪고 있습니다. 이 문제에 대해 어떤 조언을 주실 수 있나요?,예전보다 감정 기복이 심해짐,10대,우울증 가능성이 높음,인지 기능 저하가 우울증과 연관됩니다.,간단한 명상이나 스트레칭으로 마음을 안정시켜 보세요.
1,'불면과 낮 동안의 피로 지속'을 겪고 있습니다. 이 문제에 대해 어떤 조언을 주실 수 있나요?,불면과 낮 동안의 피로 지속,10대,수면 장애의 주요 증상에 해당됨,기면증 환자에게서 나타나는 주간 졸음과 유사합니다.,규칙적인 수면 패턴을 유지하고 수면 환경을 개선하세요.
2,'일어나도 피로감이 풀리지 않음'을 겪고 있습니다. 이 문제에 대해 어떤 조언을 주실 수 있나요?,일어나도 피로감이 풀리지 않음,30대,경미한 수면 장애로 볼 수 있음,불면증의 주요 진단 기준에 해당됩니다.,매일 같은 시간에 일어나는 습관을 유지하세요.
3,'아침에 너무 일찍 깨어남'을 겪고 있습니다. 이 문제에 대해 어떤 조언을 주실 수 있나요?,아침에 너무 일찍 깨어남,20대,수면 장애의 주요 증상에 해당됨,수면 패턴의 불규칙함이 불면증과 관련됩니다.,필요시 수면 전문 상담을 받는 것이 좋습니다.
4,'아침에 너무 일찍 깨어남'을 겪고 있습니다. 이 문제에 대해 어떤 조언을 주실 수 있나요?,아침에 너무 일찍 깨어남,30대,경미한 수면 장애로 볼 수 있음,수면 방해는 코골이나 호흡 문제로 인해 발생할 수 있습니다.,잠자기 전에 전자기기 사용을 줄이세요.
5,'코골이와 호흡 문제로 잠을 방해받음'을 겪고 있습니다. 이 문제에 대해 어떤 조언을 주실 수 있나요?,코골이와 호흡 문제로 잠을 방해받음,40대,불면증의 초기 증상 가능성 있음,수면의 질 저하와 관련된 일반적인 증상입니다.,밤에 카페인을 피하고 차분한 음악을 들어보세요.
6,'불면과 낮 동안의 피로 지속'을 겪고 있습니다. 이 문제에 대해 어떤 조언을 주실 수 있나요?,불면과 낮 동안의 피로 지속,40대,수면 장애의 주요 증상에 해당됨,수면의 질 저하와 관련된 일반적인 증상입니다.,매일 같은 시간에 일어나는 습관을 유지하세요.
7,'낮 동안에 지나친 졸음 경험'을 겪고 있습니다. 이 문제에 대해 어떤 조언을 주실 수 있나요?,낮 동안에 지나친 졸음 경험,40대,기면증의 가능성이 있음,수면 방해는 코골이나 호흡 문제로 인해 발생할 수 있습니다.,잠자기 전에 전자기기 사용을 줄이세요.
8,'밤에 잠이 잘 오지 않음'을 겪고 있습니다. 이 문제에 대해 어떤 조언을 주실 수 있나요?,밤에 잠이 잘 오지 않음,10대,수면 장애의 주요 증상에 해당됨,수면의 질 저하와 관련된 일반적인 증상입니다.,필요시 수면 전문 상담을 받는 것이 좋습니다.
9,'코골이와 호흡 문제로 잠을 방해받음'을 겪고 있습니다. 이 문제에 대해 어떤 조언을 주실 수 있나요?,코골이와 호흡 문제로 잠을 방해받음,40대,경미한 수면 장애로 볼 수 있음,수면의 질 저하와 관련된 일반적인 증상입니다.,규칙적인 수면 패턴을 유지하고 수면 환경을 개선하세요.
10,'수면 패턴이 불규칙해짐'을 겪고 있습니다. 이 문제에 대해 어떤 조언을 주실 수 있나요?,수면 패턴이 불규칙해짐,30대,경미한 수면 장애로 볼 수 있음,기면증 환자에게서 나타나는 주간 졸음과 유사합니다.,필요시 수면 전문 상담을 받는 것이 좋습니다.
11,'수면 패턴이 불규칙해짐'을 겪고 있습니다. 이 문제에 대해 어떤 조언을 주실 수 있나요?,수면 패턴이 불규칙해짐,50대 이상,기면증의 가능성이 있음,수면 패턴의 불규칙함이 불면증과 관련됩니다.,밤에 카페인을 피하고 차분한 음악을 들어보세요.
12,'밤에 잠이 잘 오지 않음'을 겪고 있습니다. 이 문제에 대해 어떤 조언을 주실 수 있나요?,밤에 잠이 잘 오지 않음,30대,기면증의 가능성이 있음,기면증 환자에게서 나타나는 주간 졸음과 유사합니다.,밤에 카페인을 피하고 차분한 음악을 들어보세요.
13,'밤에 자주 깨서 깊게 못 잠'을 겪고 있습니다. 이 문제에 대해 어떤 조언을 주실 수 있나요?,밤에 자주 깨서 깊게 못 잠,20대,중등도 불면증일 수 있음,불면증의 주요 진단 기준에 해당됩니다.,잠자기 전에 전자기기 사용을 줄이세요.
14,'악몽을 자주 꾸고 잠을 못 이룸'을 겪고 있습니다. 이 문제에 대해 어떤 조언을 주실 수 있나요?,악몽을 자주 꾸고 잠을 못 이룸,40대,기면증의 가능성이 있음,불면증의 주요 진단 기준에 해당됩니다.,규칙적인 수면 패턴을 유지하고 수면 환경을 개선하세요.
15,'아침에 너무 일찍 깨어남'을 겪고 있습니다. 이 문제에 대해 어떤 조언을 주실 수 있나요?,아침에 너무 일찍 깨어남,40대,경미한 수면 장애로 볼 수 있음,수면 방해는 코골이나 호흡 문제로 인해 발생할 수 있습니다.,매일 같은 시간에 일어나는 습관을 유지하세요.
16,'밤에 잠이 잘 오지 않음'을 겪고 있습니다. 이 문제에 대해 어떤 조언을 주실 수 있나요?,밤에 잠이 잘 오지 않음,30대,중등도 불면증일 수 있음,수면의 질 저하와 관련된 일반적인 증상입니다.,매일 같은 시간에 일어나는 습관을 유지하세요.
17,'낮 동안에 지나친 졸음 경험'을 겪고 있습니다. 이 문제에 대해 어떤 조언을 주실 수 있나요?,낮 동안에 지나친 졸음 경험,30대,불면증의 초기 증상 가능성 있음,수면 패턴의 불규칙함이 불면증과 관련됩니다.,필요시 수면 전문 상담을 받는 것이 좋습니다.
18,'아침에 너무 일찍 깨어남'을 겪고 있습니다. 이 문제에 대해 어떤 조언을 주실 수 있나요?,아침에 너무 일찍 깨어남,20대,경미한 수면 장애로 볼 수 있음,수면 패턴의 불규칙함이 불면증과 관련됩니다.,규칙적인 수면 패턴을 유지하고 수면 환경을 개선하세요.
19,'악몽을 자주 꾸고 잠을 못 이룸'을 겪고 있습니다. 이 문제에 대해 어떤 조언을 주실 수 있나요?,악몽을 자주 꾸고 잠을 못 이룸,40대,기면증의 가능성이 있음,불면증의 주요 진단 기준에 해당됩니다.,필요시 수면 전문 상담을 받는 것이 좋습니다.
20,'악몽을 자주 꾸고 잠을 못 이룸'을 겪고 있습니다. 이 문제에 대해 어떤 조언을 주실 수 있나요?,악몽을 자주 꾸고 잠을 못 이룸,30대,기면증의 가능성이 있음,수면 패턴의 불규칙함이 불면증과 관련됩니다.,필요시 수면 전문 상담을 받는 것이 좋습니다.
21,'자기 전 생각이 많아져 수면이 방해됨'을 겪고 있습니다. 이 문제에 대해 어떤 조언을 주실 수 있나요?,자기 전 생각이 많아져 수면이 방해됨,30대,경미한 수면 장애로 볼 수 있음,수면 패턴의 불규칙함이 불면증과 관련됩니다.,밤에 카페인을 피하고 차분한 음악을 들어보세요.
22,'밤에 자주 깨서 깊게 못 잠'을 겪고 있습니다. 이 문제에 대해 어떤 조언을 주실 수 있나요?,밤에 자주 깨서 깊게 못 잠,50대 이상,기면증의 가능성이 있음,수면 방해는 코골이나 호흡 문제로 인해 발생할 수 있습니다.,잠자기 전에 전자기기 사용을 줄이세요.
23,'자기 전 생각이 많아져 수면이 방해됨'을 겪고 있습니다. 이 문제에 대해 어떤 조언을 주실 수 있나요?,자기 전 생각이 많아져 수면이 방해됨,30대,불면증의 초기 증상 가능성 있음,수면의 질 저하와 관련된 일반적인 증상입니다.,밤에 카페인을 피하고 차분한 음악을 들어보세요.
24,'악몽을 자주 꾸고 잠을 못 이룸'을 겪고 있습니다. 이 문제에 대해 어떤 조언을 주실 수 있나요?,악몽을 자주 꾸고 잠을 못 이룸,20대,경미한 수면 장애로 볼 수 있음,수면 방해는 코골이나 호흡 문제로 인해 발생할 수 있습니다.,매일 같은 시간에 일어나는 습관을 유지하세요.
25,'불면과 낮 동안의 피로 지속'을 겪고 있습니다. 이 문제에 대해 어떤 조언을 주실 수 있나요?,불면과 낮 동안의 피로 지속,10대,불면증의 초기 증상 가능성 있음,수면 패턴의 불규칙함이 불면증과 관련됩니다.,잠자기 전에 전자기기 사용을 줄이세요.
26,'일어나도 피로감이 풀리지 않음'을 겪고 있습니다. 이 문제에 대해 어떤 조언을 주실 수 있나요?,일어나도 피로감이 풀리지 않음,10대,기면증의 가능성이 있음,기면증 환자에게서 나타나는 주간 졸음과 유사합니다.,밤에 카페인을 피하고 차분한 음악을 들어보세요.
27,'낮 동안에 지나친 졸음 경험'을 겪고 있습니다. 이 문제에 대해 어떤 조언을 주실 수 있나요?,낮 동안에 지나친 졸음 경험,50대 이상,기면증의 가능성이 있음,수면 방해는 코골이나 호흡 문제로 인해 발생할 수 있습니다.,필요시 수면 전문 상담을 받는 것이 좋습니다.
28,'밤에 잠이 잘 오지 않음'을 겪고 있습니다. 이 문제에 대해 어떤 조언을 주실 수 있나요?,밤에 잠이 잘 오지 않음,50대 이상,경미한 수면 장애로 볼 수 있음,수면 방해는 코골이나 호흡 문제로 인해 발생할 수 있습니다.,잠자기 전에 전자기기 사용을 줄이세요.
29,'코골이와 호흡 문제로 잠을 방해받음'을 겪고 있습니다. 이 문제에 대해 어떤 조언을 주실 수 있나요?,코골이와 호흡 문제로 잠을 방해받음,30대,경미한 수면 장애로 볼 수 있음,수면의 질 저하와 관련된 일반적인 증상입니다.,잠자기 전에 전자기기 사용을 줄이세요.
30,'자기 전 생각이 많아져 수면이 방해됨'을 겪고 있습니다. 이 문제에 대해 어떤 조언을 주실 수 있나요?,자기 전 생각이 많아져 수면이 방해됨,30대,경미한 수면 장애로 볼 수 있음,수면의 질 저하와 관련된 일반적인 증상입니다.,규칙적인 수면 패턴을 유지하고 수면 환경을 개선하세요.
31,'수면 패턴이 불규칙해짐'을 겪고 있습니다. 이 문제에 대해 어떤 조언을 주실 수 있나요?,수면 패턴이 불규칙해짐,50대 이상,수면 장애의 주요 증상에 해당됨,수면 방해는 코골이나 호흡 문제로 인해 발생할 수 있습니다.,매일 같은 시간에 일어나는 습관을 유지하세요.
32,'밤에 자주 깨서 깊게 못 잠'을 겪고 있습니다. 이 문제에 대해 어떤 조언을 주실 수 있나요?,밤에 자주 깨서 깊게 못 잠,30대,경미한 수면 장애로 볼 수 있음,수면 패턴의 불규칙함이 불면증과 관련됩니다.,잠자기 전에 전자기기 사용을 줄이세요.
33,'밤에 잠이 잘 오지 않음'을 겪고 있습니다. 이 문제에 대해 어떤 조언을 주실 수 있나요?,밤에 잠이 잘 오지 않음,20대,경미한 수면 장애로 볼 수 있음,수면 패턴의 불규칙함이 불면증과 관련됩니다.,밤에 카페인을 피하고 차분한 음악을 들어보세요.
34,'불면과 낮 동안의 피로 지속'을 겪고 있습니다. 이 문제에 대해 어떤 조언을 주실 수 있나요?,불면과 낮 동안의 피로 지속,10대,불면증의 초기 증상 가능성 있음,수면의 질 저하와 관련된 일반적인 증상입니다.,필요시 수면 전문 상담을 받는 것이 좋습니다.
35,'일어나도 피로감이 풀리지 않음'을 겪고 있습니다. 이 문제에 대해 어떤 조언을 주실 수 있나요?,일어나도 피로감이 풀리지 않음,30대,불면증의 초기 증상 가능성 있음,기면증 환자에게서 나타나는 주간 졸음과 유사합니다.,매일 같은 시간에 일어나는 습관을 유지하세요.
36,'밤에 잠이 잘 오지 않음'을 겪고 있습니다. 이 문제에 대해 어떤 조언을 주실 수 있나요?,밤에 잠이 잘 오지 않음,20대,경미한 수면 장애로 볼 수 있음,기면증 환자에게서 나타나는 주간 졸음과 유사합니다.,매일 같은 시간에 일어나는 습관을 유지하세요.
37,'밤에 잠이 잘 오지 않음'을 겪고 있습니다. 이 문제에 대해 어떤 조언을 주실 수 있나요?,밤에 잠이 잘 오지 않음,50대 이상,기면증의 가능성이 있음,수면 패턴의 불규칙함이 불면증과 관련됩니다.,필요시 수면 전문 상담을 받는 것이 좋습니다.
38,'코골이와 호흡 문제로 잠을 방해받음'을 겪고 있습니다. 이 문제에 대해 어떤 조언을 주실 수 있나요?,코골이와 호흡 문제로 잠을 방해받음,50대 이상,경미한 수면 장애로 볼 수 있음,수면의 질 저하와 관련된 일반적인 증상입니다.,매일 같은 시간에 일어나는 습관을 유지하세요.
39,'아침에 너무 일찍 깨어남'을 겪고 있습니다. 이 문제에 대해 어떤 조언을 주실 수 있나요?,아침에 너무 일찍 깨어남,50대 이상,기면증의 가능성이 있음,수면의 질 저하와 관련된 일반적인 증상입니다.,매일 같은 시간에 일어나는 습관을 유지하세요.
40,'자기 전 생각이 많아져 수면이 방해됨'을 겪고 있습니다. 이 문제에 대해 어떤 조언을 주실 수 있나요?,자기 전 생각이 많아져 수면이 방해됨,20대,경미한 수면 장애로 볼 수 있음,수면 방해는 코골이나 호흡 문제로 인해 발생할 수 있습니다.,잠자기 전에 전자기기 사용을 줄이세요.
41,'코골이와 호흡 문제로 잠을 방해받음'을 겪고 있습니다. 이 문제에 대해 어떤 조언을 주실 수 있나요?,코골이와 호흡 문제로 잠을 방해받음,30대,경미한 수면 장애로 볼 수 있음,수면 패턴의 불규칙함이 불면증과 관련됩니다.,잠자기 전에 전자기기 사용을 줄이세요.
42,'낮 동안에 지나친 졸음 경험'을 겪고 있습니다. 이 문제에 대해 어떤 조언을 주실 수 있나요?,낮 동안에 지나친 졸음 경험,20대,경미한 수면 장애로 볼 수 있음,불면증의 주요 진단 기준에 해당됩니다.,규칙적인 수면 패턴을 유지하고 수면 환경을 개선하세요.
43,'일어나도 피로감이 풀리지 않음'을 겪고 있습니다. 이 문제에 대해 어떤 조언을 주실 수 있나요?,일어나도 피로감이 풀리지 않음,10대,불면증의 초기 증상 가능성 있음,수면의 질 저하와 관련된 일반적인 증상입니다.,필요시 수면 전문 상담을 받는 것이 좋습니다.
44,'아침에 너무 일찍 깨어남'을 겪고 있습니다. 이 문제에 대해 어떤 조언을 주실 수 있나요?,아침에 너무 일찍 깨어남,10대,기면증의 가능성이 있음,기면증 환자에게서 나타나는 주간 졸음과 유사합니다.,규칙적인 수면 패턴을 유지하고 수면 환경을 개선하세요.
45,'코골이와 호흡 문제로 잠을 방해받음'을 겪고 있습니다. 이 문제에 대해 어떤 조언을 주실 수 있나요?,코골이와 호흡 문제로 잠을 방해받음,40대,수면 장애의 주요 증상에 해당됨,수면 패턴의 불규칙함이 불면증과 관련됩니다.,밤에 카페인을 피하고 차분한 음악을 들어보세요.
46,'코골이와 호흡 문제로 잠을 방해받음'을 겪고 있습니다. 이 문제에 대해 어떤 조언을 주실 수 있나요?,코골이와 호흡 문제로 잠을 방해받음,40대,기면증의 가능성이 있음,불면증의 주요 진단 기준에 해당됩니다.,밤에 카페인을 피하고 차분한 음악을 들어보세요.
47,'코골이와 호흡 문제로 잠을 방해받음'을 겪고 있습니다. 이 문제에 대해 어떤 조언을 주실 수 있나요?,코골이와 호흡 문제로 잠을 방해받음,30대,수면 장애의 주요 증상에 해당됨,수면 패턴의 불규칙함이 불면증과 관련됩니다.,필요시 수면 전문 상담을 받는 것이 좋습니다.
48,'밤에 잠이 잘 오지 않음'을 겪고 있습니다. 이 문제에 대해 어떤 조언을 주실 수 있나요?,밤에 잠이 잘 오지 않음,50대 이상,불면증의 초기 증상 가능성 있음,기면증 환자에게서 나타나는 주간 졸음과 유사합니다.,매일 같은 시간에 일어나는 습관을 유지하세요.
49,'일어나도 피로감이 풀리지 않음'을 겪고 있습니다. 이 문제에 대해 어떤 조언을 주실 수 있나요?,일어나도 피로감이 풀리지 않음,20대,불면증의 초기 증상 가능성 있음,기면증 환자에게서 나타나는 주간 졸음과 유사합니다.,규칙적인 수면 패턴을 유지하고 수면 환경을 개선하세요.
50,'일어나도 피로감이 풀리지 않음'을 겪고 있습니다. 이 문제에 대해 어떤 조언을 주실 수 있나요?,일어나도 피로감이 풀리지 않음,10대,기면증의 가능성이 있음,기면증 환자에게서 나타나는 주간 졸음과 유사합니다.,밤에 카페인을 피하고 차분한 음악을 들어보세요.
51,'코골이와 호흡 문제로 잠을 방해받음'을 겪고 있습니다. 이 문제에 대해 어떤 조언을 주실 수 있나요?,코골이와 호흡 문제로 잠을 방해받음,20대,수면 장애의 주요 증상에 해당됨,기면증 환자에게서 나타나는 주간 졸음과 유사합니다.,잠자기 전에 전자기기 사용을 줄이세요.
52,'아침에 너무 일찍 깨어남'을 겪고 있습니다. 이 문제에 대해 어떤 조언을 주실 수 있나요?,아침에 너무 일찍 깨어남,50대 이상,경미한 수면 장애로 볼 수 있음,불면증의 주요 진단 기준에 해당됩니다.,밤에 카페인을 피하고 차분한 음악을 들어보세요.
53,'밤에 잠이 잘 오지 않음'을 겪고 있습니다. 이 문제에 대해 어떤 조언을 주실 수 있나요?,밤에 잠이 잘 오지 않음,50대 이상,기면증의 가능성이 있음,기면증 환자에게서 나타나는 주간 졸음과 유사합니다.,밤에 카페인을 피하고 차분한 음악을 들어보세요.
54,'악몽을 자주 꾸고 잠을 못 이룸'을 겪고 있습니다. 이 문제에 대해 어떤 조언을 주실 수 있나요?,악몽을 자주 꾸고 잠을 못 이룸,10대,기면증의 가능성이 있음,수면 패턴의 불규칙함이 불면증과 관련됩니다.,규칙적인 수면 패턴을 유지하고 수면 환경을 개선하세요.
55,'자기 전 생각이 많아져 수면이 방해됨'을 겪고 있습니다. 이 문제에 대해 어떤 조언을 주실 수 있나요?,자기 전 생각이 많아져 수면이 방해됨,50대 이상,기면증의 가능성이 있음,불면증의 주요 진단 기준에 해당됩니다.,필요시 수면 전문 상담을 받는 것이 좋습니다.
56,'불면과 낮 동안의 피로 지속'을 겪고 있습니다. 이 문제에 대해 어떤 조언을 주실 수 있나요?,불면과 낮 동안의 피로 지속,50대 이상,중등도 불면증일 수 있음,기면증 환자에게서 나타나는 주간 졸음과 유사합니다.,필요시 수면 전문 상담을 받는 것이 좋습니다.
57,'수면 패턴이 불규칙해짐'을 겪고 있습니다. 이 문제에 대해 어떤 조언을 주실 수 있나요?,수면 패턴이 불규칙해짐,30대,수면 장애의 주요 증상에 해당됨,불면증의 주요 진단 기준에 해당됩니다.,잠자기 전에 전자기기 사용을 줄이세요.
58,'수면 패턴이 불규칙해짐'을 겪고 있습니다. 이 문제에 대해 어떤 조언을 주실 수 있나요?,수면 패턴이 불규칙해짐,50대 이상,불면증의 초기 증상 가능성 있음,수면의 질 저하와 관련된 일반적인 증상입니다.,매일 같은 시간에 일어나는 습관을 유지하세요.
59,'아침에 너무 일찍 깨어남'을 겪고 있습니다. 이 문제에 대해 어떤 조언을 주실 수 있나요?,아침에 너무 일찍 깨어남,50대 이상,기면증의 가능성이 있음,불면증의 주요 진단 기준에 해당됩니다.,잠자기 전에 전자기기 사용을 줄이세요.
60,'밤에 자주 깨서 깊게 못 잠'을 겪고 있습니다. 이 문제에 대해 어떤 조언을 주실 수 있나요?,밤에 자주 깨서 깊게 못 잠,50대 이상,경미한 수면 장애로 볼 수 있음,수면 방해는 코골이나 호흡 문제로 인해 발생할 수 있습니다.,필요시 수면 전문 상담을 받는 것이 좋습니다.
61,'코골이와 호흡 문제로 잠을 방해받음'을 겪고 있습니다. 이 문제에 대해 어떤 조언을 주실 수 있나요?,코골이와 호흡 문제로 잠을 방해받음,50대 이상,경미한 수면 장애로 볼 수 있음,수면 방해는 코골이나 호흡 문제로 인해 발생할 수 있습니다.,매일 같은 시간에 일어나는 습관을 유지하세요.
62,'낮 동안에 지나친 졸음 경험'을 겪고 있습니다. 이 문제에 대해 어떤 조언을 주실 수 있나요?,낮 동안에 지나친 졸음 경험,40대,수면 장애의 주요 증상에 해당됨,수면 방해는 코골이나 호흡 문제로 인해 발생할 수 있습니다.,필요시 수면 전문 상담을 받는 것이 좋습니다.
63,'수면 패턴이 불규칙해짐'을 겪고 있습니다. 이 문제에 대해 어떤 조언을 주실 수 있나요?,수면 패턴이 불규칙해짐,30대,중등도 불면증일 수 있음,불면증의 주요 진단 기준에 해당됩니다.,매일 같은 시간에 일어나는 습관을 유지하세요.
64,'자기 전 생각이 많아져 수면이 방해됨'을 겪고 있습니다. 이 문제에 대해 어떤 조언을 주실 수 있나요?,자기 전 생각이 많아져 수면이 방해됨,20대,수면 장애의 주요 증상에 해당됨,수면 방해는 코골이나 호흡 문제로 인해 발생할 수 있습니다.,규칙적인 수면 패턴을 유지하고 수면 환경을 개선하세요.
65,'자기 전 생각이 많아져 수면이 방해됨'을 겪고 있습니다. 이 문제에 대해 어떤 조언을 주실 수 있나요?,자기 전 생각이 많아져 수면이 방해됨,20대,중등도 불면증일 수 있음,수면 방해는 코골이나 호흡 문제로 인해 발생할 수 있습니다.,매일 같은 시간에 일어나는 습관을 유지하세요.
66,'낮 동안에 지나친 졸음 경험'을 겪고 있습니다. 이 문제에 대해 어떤 조언을 주실 수 있나요?,낮 동안에 지나친 졸음 경험,50대 이상,경미한 수면 장애로 볼 수 있음,수면 패턴의 불규칙함이 불면증과 관련됩니다.,잠자기 전에 전자기기 사용을 줄이세요.
67,'불면과 낮 동안의 피로 지속'을 겪고 있습니다. 이 문제에 대해 어떤 조언을 주실 수 있나요?,불면과 낮 동안의 피로 지속,10대,수면 장애의 주요 증상에 해당됨,수면 방해는 코골이나 호흡 문제로 인해 발생할 수 있습니다.,밤에 카페인을 피하고 차분한 음악을 들어보세요.
68,'밤에 잠이 잘 오지 않음'을 겪고 있습니다. 이 문제에 대해 어떤 조언을 주실 수 있나요?,밤에 잠이 잘 오지 않음,30대,기면증의 가능성이 있음,불면증의 주요 진단 기준에 해당됩니다.,매일 같은 시간에 일어나는 습관을 유지하세요.
69,'아침에 너무 일찍 깨어남'을 겪고 있습니다. 이 문제에 대해 어떤 조언을 주실 수 있나요?,아침에 너무 일찍 깨어남,50대 이상,불면증의 초기 증상 가능성 있음,수면의 질 저하와 관련된 일반적인 증상입니다.,밤에 카페인을 피하고 차분한 음악을 들어보세요.
70,'낮 동안에 지나친 졸음 경험'을 겪고 있습니다. 이 문제에 대해 어떤 조언을 주실 수 있나요?,낮 동안에 지나친 졸음 경험,50대 이상,기면증의 가능성이 있음,기면증 환자에게서 나타나는 주간 졸음과 유사합니다.,밤에 카페인을 피하고 차분한 음악을 들어보세요.
71,'자기 전 생각이 많아져 수면이 방해됨'을 겪고 있습니다. 이 문제에 대해 어떤 조언을 주실 수 있나요?,자기 전 생각이 많아져 수면이 방해됨,50대 이상,경미한 수면 장애로 볼 수 있음,기면증 환자에게서 나타나는 주간 졸음과 유사합니다.,매일 같은 시간에 일어나는 습관을 유지하세요.
72,'불면과 낮 동안의 피로 지속'을 겪고 있습니다. 이 문제에 대해 어떤 조언을 주실 수 있나요?,불면과 낮 동안의 피로 지속,40대,기면증의 가능성이 있음,기면증 환자에게서 나타나는 주간 졸음과 유사합니다.,잠자기 전에 전자기기 사용을 줄이세요.
73,'악몽을 자주 꾸고 잠을 못 이룸'을 겪고 있습니다. 이 문제에 대해 어떤 조언을 주실 수 있나요?,악몽을 자주 꾸고 잠을 못 이룸,50대 이상,중등도 불면증일 수 있음,수면 방해는 코골이나 호흡 문제로 인해 발생할 수 있습니다.,매일 같은 시간에 일어나는 습관을 유지하세요.
74,'낮 동안에 지나친 졸음 경험'을 겪고 있습니다. 이 문제에 대해 어떤 조언을 주실 수 있나요?,낮 동안에 지나친 졸음 경험,20대,불면증의 초기 증상 가능성 있음,수면 패턴의 불규칙함이 불면증과 관련됩니다.,규칙적인 수면 패턴을 유지하고 수면 환경을 개선하세요.
75,'밤에 잠이 잘 오지 않음'을 겪고 있습니다. 이 문제에 대해 어떤 조언을 주실 수 있나요?,밤에 잠이 잘 오지 않음,20대,기면증의 가능성이 있음,수면 패턴의 불규칙함이 불면증과 관련됩니다.,필요시 수면 전문 상담을 받는 것이 좋습니다.
76,'아침에 너무 일찍 깨어남'을 겪고 있습니다. 이 문제에 대해 어떤 조언을 주실 수 있나요?,아침에 너무 일찍 깨어남,10대,경미한 수면 장애로 볼 수 있음,기면증 환자에게서 나타나는 주간 졸음과 유사합니다.,잠자기 전에 전자기기 사용을 줄이세요.
77,'낮 동안에 지나친 졸음 경험'을 겪고 있습니다. 이 문제에 대해 어떤 조언을 주실 수 있나요?,낮 동안에 지나친 졸음 경험,20대,기면증의 가능성이 있음,불면증의 주요 진단 기준에 해당됩니다.,잠자기 전에 전자기기 사용을 줄이세요.
78,'밤에 잠이 잘 오지 않음'을 겪고 있습니다. 이 문제에 대해 어떤 조언을 주실 수 있나요?,밤에 잠이 잘 오지 않음,40대,중등도 불면증일 수 있음,수면 패턴의 불규칙함이 불면증과 관련됩니다.,필요시 수면 전문 상담을 받는 것이 좋습니다.
79,'일어나도 피로감이 풀리지 않음'을 겪고 있습니다. 이 문제에 대해 어떤 조언을 주실 수 있나요?,일어나도 피로감이 풀리지 않음,10대,불면증의 초기 증상 가능성 있음,수면의 질 저하와 관련된 일반적인 증상입니다.,잠자기 전에 전자기기 사용을 줄이세요.
80,'아침에 너무 일찍 깨어남'을 겪고 있습니다. 이 문제에 대해 어떤 조언을 주실 수 있나요?,아침에 너무 일찍 깨어남,50대 이상,불면증의 초기 증상 가능성 있음,기면증 환자에게서 나타나는 주간 졸음과 유사합니다.,밤에 카페인을 피하고 차분한 음악을 들어보세요.
81,'밤에 잠이 잘 오지 않음'을 겪고 있습니다. 이 문제에 대해 어떤 조언을 주실 수 있나요?,밤에 잠이 잘 오지 않음,10대,불면증의 초기 증상 가능성 있음,수면의 질 저하와 관련된 일반적인 증상입니다.,규칙적인 수면 패턴을 유지하고 수면 환경을 개선하세요.
82,'낮 동안에 지나친 졸음 경험'을 겪고 있습니다. 이 문제에 대해 어떤 조언을 주실 수 있나요?,낮 동안에 지나친 졸음 경험,20대,기면증의 가능성이 있음,기면증 환자에게서 나타나는 주간 졸음과 유사합니다.,규칙적인 수면 패턴을 유지하고 수면 환경을 개선하세요.
83,'밤에 잠이 잘 오지 않음'을 겪고 있습니다. 이 문제에 대해 어떤 조언을 주실 수 있나요?,밤에 잠이 잘 오지 않음,10대,경미한 수면 장애로 볼 수 있음,수면의 질 저하와 관련된 일반적인 증상입니다.,필요시 수면 전문 상담을 받는 것이 좋습니다.
84,'악몽을 자주 꾸고 잠을 못 이룸'을 겪고 있습니다. 이 문제에 대해 어떤 조언을 주실 수 있나요?,악몽을 자주 꾸고 잠을 못 이룸,10대,기면증의 가능성이 있음,불면증의 주요 진단 기준에 해당됩니다.,규칙적인 수면 패턴을 유지하고 수면 환경을 개선하세요.
85,'낮 동안에 지나친 졸음 경험'을 겪고 있습니다. 이 문제에 대해 어떤 조언을 주실 수 있나요?,낮 동안에 지나친 졸음 경험,40대,불면증의 초기 증상 가능성 있음,불면증의 주요 진단 기준에 해당됩니다.,필요시 수면 전문 상담을 받는 것이 좋습니다.
86,'코골이와 호흡 문제로 잠을 방해받음'을 겪고 있습니다. 이 문제에 대해 어떤 조언을 주실 수 있나요?,코골이와 호흡 문제로 잠을 방해받음,20대,불면증의 초기 증상 가능성 있음,수면 방해는 코골이나 호흡 문제로 인해 발생할 수 있습니다.,잠자기 전에 전자기기 사용을 줄이세요.
87,'아침에 너무 일찍 깨어남'을 겪고 있습니다. 이 문제에 대해 어떤 조언을 주실 수 있나요?,아침에 너무 일찍 깨어남,10대,중등도 불면증일 수 있음,수면 방해는 코골이나 호흡 문제로 인해 발생할 수 있습니다.,필요시 수면 전문 상담을 받는 것이 좋습니다.
88,'수면 패턴이 불규칙해짐'을 겪고 있습니다. 이 문제에 대해 어떤 조언을 주실 수 있나요?,수면 패턴이 불규칙해짐,40대,불면증의 초기 증상 가능성 있음,수면 방해는 코골이나 호흡 문제로 인해 발생할 수 있습니다.,매일 같은 시간에 일어나는 습관을 유지하세요.
89,'자기 전 생각이 많아져 수면이 방해됨'을 겪고 있습니다. 이 문제에 대해 어떤 조언을 주실 수 있나요?,자기 전 생각이 많아져 수면이 방해됨,10대,수면 장애의 주요 증상에 해당됨,수면의 질 저하와 관련된 일반적인 증상입니다.,잠자기 전에 전자기기 사용을 줄이세요.
90,'일어나도 피로감이 풀리지 않음'을 겪고 있습니다. 이 문제에 대해 어떤 조언을 주실 수 있나요?,일어나도 피로감이 풀리지 않음,50대 이상,기면증의 가능성이 있음,수면 방해는 코골이나 호흡 문제로 인해 발생할 수 있습니다.,규칙적인 수면 패턴을 유지하고 수면 환경을 개선하세요.
91,'낮 동안에 지나친 졸음 경험'을 겪고 있습니다. 이 문제에 대해 어떤 조언을 주실 수 있나요?,낮 동안에 지나친 졸음 경험,40대,경미한 수면 장애로 볼 수 있음,불면증의 주요 진단 기준에 해당됩니다.,밤에 카페인을 피하고 차분한 음악을 들어보세요.
92,'자기 전 생각이 많아져 수면이 방해됨'을 겪고 있습니다. 이 문제에 대해 어떤 조언을 주실 수 있나요?,자기 전 생각이 많아져 수면이 방해됨,50대 이상,불면증의 초기 증상 가능성 있음,수면의 질 저하와 관련된 일반적인 증상입니다.,밤에 카페인을 피하고 차분한 음악을 들어보세요.
93,'불면과 낮 동안의 피로 지속'을 겪고 있습니다. 이 문제에 대해 어떤 조언을 주실 수 있나요?,불면과 낮 동안의 피로 지속,10대,중등도 불면증일 수 있음,수면의 질 저하와 관련된 일반적인 증상입니다.,규칙적인 수면 패턴을 유지하고 수면 환경을 개선하세요.
94,'자기 전 생각이 많아져 수면이 방해됨'을 겪고 있습니다. 이 문제에 대해 어떤 조언을 주실 수 있나요?,자기 전 생각이 많아져 수면이 방해됨,50대 이상,불면증의 초기 증상 가능성 있음,불면증의 주요 진단 기준에 해당됩니다.,잠자기 전에 전자기기 사용을 줄이세요.
95,'밤에 자주 깨서 깊게 못 잠'을 겪고 있습니다. 이 문제에 대해 어떤 조언을 주실 수 있나요?,밤에 자주 깨서 깊게 못 잠,40대,중등도 불면증일 수 있음,기면증 환자에게서 나타나는 주간 졸음과 유사합니다.,매일 같은 시간에 일어나는 습관을 유지하세요.
96,'일어나도 피로감이 풀리지 않음'을 겪고 있습니다. 이 문제에 대해 어떤 조언을 주실 수 있나요?,일어나도 피로감이 풀리지 않음,40대,수면 장애의 주요 증상에 해당됨,기면증 환자에게서 나타나는 주간 졸음과 유사합니다.,필요시 수면 전문 상담을 받는 것이 좋습니다.
97,'악몽을 자주 꾸고 잠을 못 이룸'을 겪고 있습니다. 이 문제에 대해 어떤 조언을 주실 수 있나요?,악몽을 자주 꾸고 잠을 못 이룸,20대,기면증의 가능성이 있음,수면의 질 저하와 관련된 일반적인 증상입니다.,밤에 카페인을 피하고 차분한 음악을 들어보세요.
98,'밤에 자주 깨서 깊게 못 잠'을 겪고 있습니다. 이 문제에 대해 어떤 조언을 주실 수 있나요?,밤에 자주 깨서 깊게 못 잠,40대,기면증의 가능성이 있음,수면 패턴의 불규칙함이 불면증과 관련됩니다.,잠자기 전에 전자기기 사용을 줄이세요.
99,'아침에 너무 일찍 깨어남'을 겪고 있습니다. 이 문제에 대해 어떤 조언을 주실 수 있나요?,아침에 너무 일찍 깨어남,20대,수면 장애의 주요 증상에 해당됨,수면 패턴의 불규칙함이 불면증과 관련됩니다.,필요시 수면 전문 상담을 받는 것이 좋습니다.
100,'밤에 자주 깨서 깊게 못 잠'을 겪고 있습니다. 이 문제에 대해 어떤 조언을 주실 수 있나요?,밤에 자주 깨서 깊게 못 잠,30대,경미한 수면 장애로 볼 수 있음,불면증의 주요 진단 기준에 해당됩니다.,밤에 카페인을 피하고 차분한 음악을 들어보세요.
